JAP,1.1.1,Livro,Unitária,São Paulo (SP),1980,Impressão,Papel,Folha,,Português,1,1,16f,,Waldisa Russio Camargo Guarnieri,Autor,,,,,,,Relacionamento social,,,,,,,,"Museu da Indústria, Comércio e Tecnologia",,,,"GUARNIERI, W. R. C. Um museu de indústria em São Paulo. São Paulo: Museu de Indústria, Comércio e Tecnologia de São Paulo; SICCT, 1980. (Museu e Técnicas, 6)",Anexo: cartão de encaminhamento ,
JAP,1.1.2,Poema,Unitária,Porto (Portugal),1978,Impressão,Papel,Folha,,Português,1,1,4f,,Casimiro de Brito,Autor,Teresa Rodrigues Cadete,Ilustrador,,,,,,,,,,,,,,,,,"BRITO, C. Zen: Zénites. Porto: Oiro do dia, [1978]",,
JAP,1.1.3,Discurso,Unitária,Ribeirão Preto (SP),4/13/1978,Impressão,Papel,Folha,,Português,1,1,1f,,Antonio Teixeira Mendes,Autor,,,,,,,Lançamento de obra,Ensaios Médico-Sociais (2ª edição),Ribeirão Preto (SP),4/13/1978,,,,,,,,,,,
JAP,1.1.4,Hino,Unitária,s.l.,s.d.,"Datilografia, Manuscritura",Papel,Folha,,Espanhol,1,1,1f,,Carlos Mejia Godoy,Autor,,,,,,,Militância política,,,,,,,,,,,,,,
JAP,1.1.5,Convite,Unitária,Curitiba (PR),8/15/1983,Manuscritura,Papel,Folha,,Português,1,1,1f,,Zakie Fayard Portes,Remetente,Jovina Álvares Pessoa,Destinatário,,,,,Homenagem,Homenagem prestada pelo Diretório Acadêmico Nilo Cairo (Faculdade de Medicina da Universidade Federal do Paraná) a Samuel Barnsley Pessoa,Curitiba (PR),8/31/1983,Concurso,"Concurso de monografias sobre Medicina Preventiva, promovido pelo Diretório Acadêmico Nilo Cairo (Faculdade de Medicina da Universidade Federal do Paraná)",Curitiba (PR),1983,,,,,,,
JAP,1.1.6,Biografia,Unitária,s.l.,s.d.,"Datilografia, Manuscritura",Papel,Folha,,Português,1,1,3f,,-,-,,,,,,,Homenagem,Homenagem a Jovina Álvares Pessoa,s.l.,s.d.,,,,,,,,,,Anexo: lista de entrevistados,
JAP,1.1.7,Folheto de Cordel,Unitária,Salvador (BA),1/25/1949,"Impressão, Manuscritura",Papel,Folha,,Português,1,1,5f,,Rodolfo Coelho Cavalcante,Autor,,,,,,,,,,,Militância política,,,,,,,,"CAVALCANTE, R. C. Avida de José Bento Renato Monteiro Lobato. Salvador: edição do autor, 1949",,
JAP,1.1.8,Carta de cumprimentos,Unitária,Rio de Janeiro (RJ),2/19/1916,Manuscritura,Papel,Folha,,Português,1,1,1f,,Noemi,Remetente,João ,Destinatário,,,,,Relacionamento familiar,,,,,,,,,,,,,,
JAP,1.1.9,Cartão de encaminhamento,Unitária,Curitiba (PR),s.d.,"Impressão, Manuscritura",Papel,Folha,,Português,1,1,1f,,Alcy Joaquim Ramalho,Remetente,,,,,,,Concurso,"Concurso de monografias sobre Medicina Preventiva, promovido pelo Diretório Acadêmico Nilo Cairo (Faculdade de Medicina da Universidade Federal do Paraná)",Curitiba (PR),1983,Lançamento de obra,Publicação dos trabalhos premiados no Concurso Samuel Pessoa de Medicina Preventiva e Saúde Pública,Curitiba (PR),1983,,,,,,Ver: Livro 7.1.1,
JAP,1.2.1,Discurso,Unitária,Campinas (SP),3/17/1983,"Datilografia, Manuscritura",Papel,Folha,,Português,1,1,2f,,Marcelo Pinheiro Zarattini,Autor,,,,,,,Homenagem,Homenagem prestada pelo Diretório Acadêmico da Faculdade de Ciências Médicas da Pontifícia Universidade de Campinas a Samuel Barnsley Pessoa,Campinas (SP),3/17/1983,,,,,,,,,,,
JAP,1.2.2,Proposta editorial,Unitária,São Paulo (SP),s.d.,Datilografia,Papel,Folha,,Português,1,1,2f,,,,,,,,,,Lançamento de obra,Ensaios Médico-Sociais (2ª edição),São Paulo (SP),1978,,,,,Daniel C. da Costa Filho,José Rubem F. de Alcantara Bonfim,,,,,
JAP,1.2.3,Manifesto,Unitária,São Paulo (SP),s.d.,Datilografia,Papel,Folha,,Português,1,2,1f,,,,,,,,,,Militância política,Intervenção dos EUA na Nicarágua,,1981-1989,,,,,Comitê Brasileiro de Solidadriedade aos Povos da América Central e do Caribe,,,,,,
JAP,1.2.4,Revista,Unitária,Manágua (Nicarágua),10/9/1983,Impressão,Papel,Folha,,Espanhol,1,1,19f,,,,,,,,,,Militância política,Intervenção dos EUA na Nicarágua,,1981-1989,Relacionamento social,,,,,,,,,Anexo: Cartão de encaminhamento,
JAP,1.3.1,Carta de encaminhamento,Unitária,s.l.,s.d.,Datilografia,Papel,Folha,,Português,1,1,1f,,Jovina Álvares Pessoa,Signatário,,,,,,,Lançamento de obra,Ensaios Médico-Sociais (2ª edição),São Paulo (SP),1978,,,,,,,,,,,
JAP,1.3.2,Carta de pedido de doação,Unitária,Porto Alegre (RS),3/18/1981,"Datilografia, Manuscritura",Papel,Folha,,Português,1,1,1f,,Celia Copstein,Signatário,Jovina Álvares Pessoa,Destinatário,Universidade Federal do Rio Grande do Sul,Remetente,,,Lançamento de obra,Ensaios Médico-Sociais (2ª edição),São Paulo (SP),1978,,,,,Biblioteca da Faculdade de Medicina da Universidade Federal do Rio Grande do Sul,,,,,,
JAP,1.3.3,Carta de pedido de doação,Unitária,Caicó (RN),3/19/1981,"Datilografia, Manuscritura",Papel,Folha,,Português,1,1,1f,,Vânia Gico,Signatário,Jovina Álvares Pessoa,Destinatário,Universidade Federal do Rio Grande do Norte,Remetente,,,Lançamento de obra,Ensaios Médico-Sociais (2ª edição),São Paulo (SP),1978,,,,,Biblioteca da Faculdade de Medicina da Universidade Federal do Rio Grande do Norte,,,,,,
JAP,1.3.4,Carta de pedido de doação,Unitária,Brasília (DF),2/20/1981,"Datilografia, Manuscritura",Papel,Folha,,Português,1,1,1f,,Isa Guilardi,Signatário,Jovina Álvares Pessoa,Destinatário,Universidade de Brasília,Remetente,,,Lançamento de obra,Ensaios Médico-Sociais (2ª edição),São Paulo (SP),1978,,,,,Biblioteca da Faculdade de Medicina da Universidade de Brasília,,,,,,
JAP,1.3.5,Carta de pedido de doação,Unitária,Belém (PA),1/26/1986,"Datilografia, Manuscritura",Papel,Folha,,Português,1,1,1f,,Maria Célia Maciel Neves,Signatário,Jovina Álvares Pessoa,Destinatário,Universidade Federal do Pará,Remetente,,,Lançamento de obra,Ensaios Médico-Sociais (2ª edição),São Paulo (SP),1978,,,,,Biblioteca da Faculdade de Medicina da Universidade Federal do Pará,,,,,,
JAP,1.3.6,Carta de pedido de doação,Unitária,Vitória (ES),2/11/1981,"Datilografia, Manuscritura",Papel,Folha,,Português,1,1,1f,,Doralina Fernandes de Assis,Signatário,Jovina Álvares Pessoa,Destinatário,Universidade Federal do Espírito Santo,Remetente,,,Lançamento de obra,Ensaios Médico-Sociais (2ª edição),São Paulo (SP),1978,,,,,Biblioteca da Faculdade de Medicina da Universidade Federal do Espírito Santo,,,,,,
JAP,1.3.7,Cartão de visita,Unitária,Xangai (China),1953,Manuscritura,Papel,Folha,,"Inglês, Francês",1,1,1f,,Wu Hang-Hsing,Autor,,,,,,,Congresso,Participação no Congresso Mundial dos Povos pela Paz,Viena (Áustria),Dec-52,,,,,,,,,,,
JAP,1.3.8,Caderno de assinaturas,Unitária,Viena (Áustria),1952,Manuscritura,Papel,Folha,,"Árabe, Chinês, Francês, Inglês, Português",1,1,25f,,,,,,,,,,Congresso,Participação no Congresso Mundial dos Povos pela Paz,Viena (Áustria),Dec-52,,,,,,,,,,,
JAP,1.3.9,Carta aberta,Unitária,São Paulo (SP),s.d.,Impressão,Papel,Folha,,Português,1,1,1f,,Jean Boulier (abade),Signatário,Branca Fialho,Destinatário,,,,,Militância política,Movimento Feminista,s.l.,s.d.,Congresso,Congresso Mundial dos Povos pela Paz,Viena (Áustria),Dec-52,Federação das Mulheres do Estado de São Paulo,,,,,,
JAP,1.4.1,Inventário post-mortem,Unitária,São Paulo (SP),10/22/1985,Impressão (xerox),Papel,Folha,,Português,1,1,86f,,Samuel Barnsley Pessoa,Inventariado,Jovina Álvares Pessoa,Inventariante,,,,,Falecimento,Falecimento de Samuel Barnsley Pessoa,São Paulo (SP),9/3/1976,,,,,,,,,,,
JAP,1.4.2,Formal de partilha,Unitária,São Paulo (SP),10/22/1985,Impressão (xerox),Papel,Folha,,Português,1,1,2f,,Samuel Barnsley Pessoa,Inventariado,Jovina Álvares Pessoa,Inventariante,,,,,Falecimento,Falecimento de Samuel Barnsley Pessoa,São Paulo (SP),9/3/1976,,,,,,,,,,,
JAP,1.5.1,Biografia,Unitária,s.l.,s.d.,"Datilografia, Manuscritura",Papel,Folha,,Português,1,1,2f,,,,,,,,,,,,,,,,,,,,,,,,
JAP,1.5.2,Recibo de doação,Unitária,Brasília (DF),5/22/1981,"Datilografia, Manuscritura",Papel,Folha,,Português,1,1,1f,,Editora Guanabara-Koogan,Destinatário,"Fundação Universidade de Brasília, Biblioteca Central",Remetente,,,,,Lançamento de obra,Ensaios Médico-Sociais (2ª edição),Rio de Janeiro (RJ),1978,,,,,,,,,,,
JAP,1.5.3,Carta de agradecimento,Unitária,Maputo (Moçambique),7/19/1983,Datilografia,Papel,Folha,,Português,1,1,1f,,"República Popular de Moçambique, Ministério da Saúde",Remetente,Jovina Álvares Pessoa,Destinatário,,,,,Lançamento de obra,Ensaios Médico-Sociais (3ª edição),Rio de Janeiro (RJ),1983,,,,,Biblioteca do Departamento de Formação do Ministério da Saúde de Moçambique,,,,,,
JAP,1.5.4,Carta de cessão de direitos autorais,Unitária,Rio de Janeiro (RJ),1981,"Datilografia, Manuscritura",Papel,Folha,,Português,2,1,4f,,Jovina Álvares Pessoa,Signatário,João Pedro Lorch,Signatário,,,,,Lançamento de obra,Ensaios Médico-Sociais (3ª edição),Rio de Janeiro (RJ),1983,,,,,,,,,,Anexo: carta de encaminhamento,
JAP,1.5.5,Discurso,Unitária,Curitiba (PR),8/31/1983,"Datilografia, Manuscritura",Papel,Folha,,Português,1,1,3f,,Eduardo Correa Lima,Autor,,,,,,,Homenagem,Homenagem prestada pelo Diretório Acadêmico Nilo Cairo (Faculdade de Medicina da Universidade Federal do Paraná) a Samuel Barnsley Pessoa,Curitiba (PR),8/31/1983,Concurso,"Concurso de monografias sobre Medicina Preventiva, promovida pelo Diretório Acadêmico Nilo Cairo (Faculdade de Medicina da Universidade Federal do Paraná)",Curitiba (PR),1983,,,,,,,
JAP,1.5.6,Certificado,Unitária,São José do Rio Preto (SP),5/21/1979,Datilografia,Papel,Folha,,Português,1,1,1f,,Jovina Álvares Pessoa,,,,,,,,Congresso,"Semana de Saúde (1ª), promovido pelo Centro de Estudos Samuel Pessoa",São José do Rio Preto (SP),5/21/1979,,,,,,,,,,,
JAP,1.5.7,Certificado,Unitária,Florianópolis (SC),7/17/1977,Datilografia,Papel,Folha,,Português,1,1,1f,,Jovina Álvares Pessoa,,,,,,,,Congresso,Encontro Centífico de Estudantes de Medicina do Brasil (9º),Florianópolis (SC),10/07/1977-17/07/1977,Palestra,"""Vida e obra de Samuel Pessoa""",Florianópolis (SC),7/17/1977,Universidade Federal de Santa Catarina,,,,,,
JAP,1.5.8,Discurso,Unitária,Brasília (DF),5/2/1985,Impressão (xerox),Papel,Folha,,Português,2,1,4f,,Zilton de Araújo Andrade,Autor,,,,,,,Premiação,"Prêmio Ciência e Tecnologia, conferido a Zilton de Araújo Andrade",Brasília (DF),5/2/1985,,,,,,,,,,Anexo: Carta de encaminhamento. Ver: Discurso 1.5.9,
JAP,1.5.9,Discurso,Unitária,Salvador (BA),3/21/1985,Impressão (xerox),Papel,Folha,,Português,1,1,6f,,Zilton de Araújo Andrade,Autor,,,,,,,Titulação honoris causa,"Título de Professor Emérito da Universidade Federal da Bahia, conferido a Zilton de Araújo Andrade",Salvador (BA),3/21/1985,,,,,,,,,,Anexo: carta de encaminhamento,
JAP,1.5.10,Carta de comunicação de decisão,Unitária,Belo Horizonte (MG),1/16/1980,Datilografia,Papel,Folha,,Português,1,1,2f,,Amilcar Vianna Martins,Signatário,Jovina Álvares Pessoa,Destinatário,,,,,Lançamento de obra,Parasitologia Médica (11ª),Rio de Janeiro (RJ),1982,,,,,,,,,,,
JAP,1.5.11,Carta depedido de providências,Unitária,Belo Horizonte (MG),3/6/1978,Datilografia,Papel,Folha,,Português,1,1,1f,,Amilcar Vianna Martins,Signatário,,,,,,,Lançamento de obra,Parasitologia Médica (11ª),Rio de Janeiro (RJ),1982,,,,,,,,,,,
JAP,1.5.12,Biografia,Unitária,s.l.,s.d.,"Datilografia, Manuscritura",Papel,Folha,,Português,1,1,2f,,,,,,,,,,,,,,,,,,,,,,,,
JAP,1.5.13,Biografia,Unitária,s.l.,s.d.,"Datilografia, Manuscritura",Papel,Folha,,Português,1,1,2f,,,,,,,,,,,,,,,,,,,,,,,,
JAP,1.6.1,Carta de notícias,Unitária,Curitiba (PR),4/12/1985,Manuscritura,Papel,Folha,,Português,1,1,1f,,Zakie Fayard Portes,Signatário,Diretório Acadêmico Nilo Cairo,Remetente,Jovina Álvares Pessoa,Destinatário,,,Concurso,"Concurso de monografias sobre Medicina Preventiva, promovida pelo Diretório Acadêmico Nilo Cairo (Faculdade de Medicina da Universidade Federal do Paraná)",Curitiba (PR),1983,Lançamento de obra,Publicação dos trabalhos premiados no Concurso Samuel Pessoa de Medicina Preventiva e Saúde Pública,Curitiba (PR),1983,,,,,,,
JAP,1.6.2,Carta de agradecimento,Unitária,Nova York (Estados Unidos),6/16/1977,Manuscritura,Papel,Folha,,Português,1,1,1f,,Ruth Nussenzweig,Remetente,Jovina Álvares Pessoa,Destinatário,,,,,Lançamento de obra,Parasitlogia Médica (10ª edição),Rio de Janeiro (RJ),1977,,,,,,,,,,,
JAP,1.6.3,Mensagem Psicografada,Unitária,São Paulo (SP),6/6/1978,Datilografia,Papel,Folha,,Português,1,1,1f,,Mário Mariante,Remetente,Jovina Álvares Pessoa,Destinatário,,,,,Falecimento,Falecimento de Samuel Barnsley Pessoa,São Paulo (SP),9/3/1976,,,,,,,,,,,
JAP,1.6.4,Carta de encaminhamento de presente,Unitária,São Paulo (SP),3/9/1983,Impressão (xerox),Papel,Folha,,Português,1,1,1f,,Raymundo Martins Castro,Remetente,Eney F. Plessman de Camargo,Remetente,Nelson Bedin,Destinatário,,,Homenagem,Oferta de medalha cunhada com a efígie de Samuel Pessoa a Nelson Bedin (diretor do Centro de Saúde Prof.º Dr.º Samuel Pessoa),São Paulo (SP),3/9/1983,,,,,,,,,,,
JAP,1.6.5,Carta de notícias,Unitária,Maceió (AL),1/28/1977,Datilografia,Papel,Folha,,Português,1,1,2f,,Janice Matos de Medeiros,Remetente,Jovina Álvares Pessoa,Destinatário,,,,,Relacionamento social,,,,,,,,,,,,,,
JAP,1.6.6,Carta de agradecimento,Unitária,Uberaba (MG),7/10/1977,"Datilografia, Manuscritura",Papel,Folha,,Português,1,1,1f,,Alfredo Sabino de Freitas,Remetente,Jovina Álvares Pessoa,Destinatário,,,,,Relacionamento social,,,,,,,,,,,,,,
JAP,1.6.7,Carta de agradecimento,Unitária,Porto Alegre (RS),5/5/1977,Manuscritura,Papel,Folha,,Português,1,1,2f,,Oscar Fraes,Remetente,Jovina Álvares Pessoa,Destinatário,,,,,Lançamento de obra,Parasitlogia Médica (10ª edição),Rio de Janeiro (RJ),1977,,,,,,,,,,,
JAP,1.6.8,Convite,Unitária,São Paulo (SP),8/3/1977,Datilografia,Papel,Folha,,Português,1,1,1f,,Centro Brasileiro de Estudos de Saúde,Remetente,Jovina Álvares Pessoa,Destinatário,,,,,Congresso,"Ciclo de conferências e debates (2º), organizado pelo Centro Brasileiro de Estudos de Saúde",São Paulo (SP),10/08/1977 - 10/11/1977,,,,,,,,,,,
JAP,1.6.9,Programa,Unitária,Belo Horizonte (MG),11/5/1976,Datilografia,Papel,Folha,,Português,2,1,2f,,,,,,,,,,Homenagem,Homenagem prestada pelo Diretório Acadêmico Lucas Machado (Faculdade de Ciências Médicas de Minas Gerais) a Samuel Barnsley Pessoa ,Belo Horizonte (MG),08/11/1976-12/11/1976,Curso,Curso de Atualização em Doença de Chagas,Belo Horizonte (MG),08/11/1976-12/11/1976,"Faculdade de Ciências Médicas de Minas Gerais, Diretório Acadêmico Lucas Machado",,,,,Anexo: carta de encaminhamento,
JAP,1.6.10,Relatório de Conferência,Unitária,Florianópolis (SC),Jul-77,Datilografia,Papel,Folha,,Português,1,1,2f,,,,,,,,,,Homenagem,"Homenagem a Samuel Barnsley Pessoa, por ocasião do IX Encontro Científico de Estudantes de Medicina do Brasil ",Florianópolis (SC),10/07/1977-17/07/1977,Congresso,Encontro Centífico de Estudantes de Medicina do Brasil (9º),Florianópolis (SC),10-17/07/1977,,,,,,Ver: certificado 1.5.7,
JAP,1.6.11,Discurso,Unitária,Brasília (DF),s.d.,"Datilografia, Manuscritura",Papel,Folha,,Português,1,1,3f,,David Capistrano,Autor,,,,,,,Homenagem,Homenagem prestada por David Capistrano a Samuel Barnsley Pessoa durante o Encontro Nacional de Saúde,Brasília (DF),s.d.,,,,,,,,,,,
JAP,1.6.12,Carta de pedido de autorização,Unitária,São Paulo (SP),8/6/1977,Datilografia,Papel,Folha,,Português,1,1,1f,,José Capistrano Ferreira de Alcantara Bonfim,Remetente,Editora Guanabara-Koogan,Destinatário,,,,,Lançamento de obra,Ensaios Médico-Sociais (2ª edição),São Paulo (SP),1978,,,,,,,,,,,
JAP,1.6.13,Carta de agradecimento,Unitária,Salvador (BA),5/15/1978,Datilografia,Papel,Folha,,Português,1,1,1f,,Sonia G. Andrade,Remetente,Jovina Álvares Pessoa,Destinatário,,,,,Lançamento de obra,Ensaios Médico-Sociais (2ª edição),Salvador (BA),5/5/1978,Relacionamento social,,,,,,,,,,
JAP,1.6.14,Carta de agradecimento,Unitária,Salvador (BA),3/15/1978,Manuscritura,Papel,Folha,,Português,1,1,1f,,Zilton de Araújo Andrade,Remetente,Jovina Álvares Pessoa,Destinatário,,,,,Lançamento de obra,Ensaios Médico-Sociais (2ª edição),Salvador (BA),5/5/1978,Relacionamento social,,,,,,,,,,
JAP,1.7.1,Programa,Unitária,Florianópolis (SC),1977,Datilografia,Papel,Folha,,Português,1,1,54f,,,,,,,,,,Congresso,Encontro Centífico de Estudantes de Medicina do Brasil (9º),Florianópolis (SC),10/07/1977-17/07/1977,Palestra,"""Vida e obra de Samuel Pessoa""",Florianópolis (SC),7/17/1977,Universidade Federal de Santa Catarina,,,,,,
JAP,1.8.1,Cartão de pedido de doação,Unitária,Belo Horizonte (MG),2/2/1981,Datilografia,Papel,Folha,,Português,1,1,1f,,Rosa Maria Antuña Martins,Signatário,Jovina Álvares Pessoa,Destinatário,"Universidade Federal de Minas Gerai, Faculdade de Medicina",Remetente,,,Lançamento de obra,Ensaios Médico-Sociais (2ª edição),São Paulo (SP),1978,,,,,Biblioteca da Faculdade de Medicina da Universidade Federal de Minas Gerais,,,,,,
JAP,1.8.2,Cartão de esclarecimento,Unitária,São Paulo (SP),2/2/1981,Datilografia,Papel,Folha,,Português,1,1,1f,,Thelma Vitols Ciarcia,Signatário,Jovina Álvares Pessoa,Destinatário,"Universidade de São Paulo, Faculdade de Medicina",Remetente,,,Lançamento de obra,Ensaios Médico-Sociais (2ª edição),São Paulo (SP),1978,,,,,Biblioteca da Faculdade de Medicina da Universidade de São Paulo,,,,,,
JAP,1.8.3,Carta de pedido de doação,Unitária,São Paulo (SP),1/30/1981,Datilografia,Papel,Folha,,Português,1,1,1f,,Aron Nowinski,Signatário,Jovina Álvares Pessoa,Destinatário,"Organização Pan–Americana da Saúde, Biblioteca Regional de Medicina",Remetente,,,Lançamento de obra,Ensaios Médico-Sociais (2ª edição),São Paulo (SP),1978,,,,,Biblioteca Regional de Medicina da Organização Pan-Americana de Saúde,,,,,,
JAP,1.8.4,Carta de pedido de doação,Unitária,Uberaba (MG),1/26/1981,Datilografia,Papel,Folha,,Português,1,1,1f,,Ana Maria Thomazilli,Signatário,Jovina Álvares Pessoa,Destinatário,"Universidade Federal do Triângulo Mineiro, Faculdade de Medicina",Remetente,,,Lançamento de obra,Ensaios Médico-Sociais (2ª edição),São Paulo (SP),1978,,,,,Biblioteca da Faculdade de Medicina do Triângulo Mineiro,,,,,,
JAP,1.8.5,Carta de pedido de doação,Unitária,Sorocaba (SP),1/30/1981,Datilografia,Papel,Folha,,Português,1,1,1f,,Leda Sacco,Signatário,Jovina Álvares Pessoa,Destinatário,Pontifícia Universidade Católica de Sorocaba,Remetente,,,Lançamento de obra,Ensaios Médico-Sociais (2ª edição),São Paulo (SP),1978,,,,,Biblioteca da Centro de Ciências Médicas e Biológicas de Sorocaba,,,,,,
JAP,1.8.6,Recibo de doação,Unitária,Sorocaba (SP),2/19/1981,Datilografia,Papel,Folha,,Português,1,1,1f,,Leda Sacco,Signatário,Jovina Álvares Pessoa,Destinatário,Pontifícia Universidade Católica de Sorocaba,Remetente,,,Lançamento de obra,Ensaios Médico-Sociais (2ª edição),São Paulo (SP),1978,,,,,Biblioteca da Centro de Ciências Médicas e Biológicas de Sorocaba,,,,,,
JAP,1.8.7,Carta de declinação de oferta,Unitária,Curitiba (PR),2/3/1981,"Datilografia, Manuscritura",Papel,Folha,,Português,1,1,1f,,Ruth Lobo dos Santos,Signatário,Jovina Álvares Pessoa,Destinatário,Universidade Federal do Paraná,Remetente,,,Lançamento de obra,Ensaios Médico-Sociais (2ª edição),São Paulo (SP),1978,,,,,Biblioteca da Faculdade de Medicina da Universidade Federal do Paraná,,,,,,
JAP,1.8.8,Carta de pedido de informação,Unitária,São Paulo (SP),s.d.,"Datilografia, Manuscritura",Papel,Folha,,Português,1,1,1f,,Jovina Álvares Pessoa,Signatário,,,,,,,Lançamento de obra,Ensaios Médico-Sociais (2ª edição),São Paulo (SP),1978,,,,,,,,,,,
JAP,1.8.9,Convite,Unitária,São Paulo (SP),s.d.,Datilografia,Papel,Folha,,Português,1,1,1f,,Jair Xavier Guimarães,signatário,Eney F. Plessman de Camargo,Signatário,,,,,Doação,Doação da biblioteca pessoal de Samuel Barnsley Pessoa à Escola Paulista de Medicina ,São Paulo (SP),1982,Sessão solene,Cerimônia de doação da biblioteca pessoal de Samuel Barnsley Pessoa à Escola Paulista de Medicina,São Paulo (SP),5/28/1982,,,,,,,
JAP,1.8.10,Convite,Unitária,São Paulo (SP),1/6/1985,"Manuscritura, Impressão (xerox)",Papel,Folha,,Português,1,1,1f,,Angélico S. Bernardino,signatário,Dermi Azevedo,Signatário,,,,,Congresso,Jornada pelos Direitos Humanos na América Latina,São Paulo (SP),27/03/1985-29/03/1985,,,,,,,,,,,
JAP,1.8.11,Artigo,Unitária,s.l.,s.d.,Datilografia,Papel,Folha,,Português,1,1,3f,,Albert Camus,Autor,,,,,,,Falecimento,Falecimento de Samuel Barnsley Pessoa,São Paulo (SP),9/3/1976,Relacionamento social,,,,,,,,,,
JAP,1.8.12,Carta de notícias,Unitária,Arequipa (Peru),12/16/1975,Datilografia,Papel,Folha,,Português,1,1,1f,,Jeorje Emanuel Diaz,Remetente,Vera ,Destinatário,,,,,Militância política,Apoio a perseguidos políticos da América Latina,,,,,,,,,,,,,
JAP,1.8.13,Editorial,Unitária,Lima (Peru),s.d.,Datilografia,Papel,Folha,,Espanhol,1,1,2f,,Jeorje Emanuel Diaz,Autor,,,,,,,Militância política,Apoio a perseguidos políticos da América Latina,,,,,,,,,,,,,
JAP,1.8.14,Editorial,Unitária,s.l.,10/28/1975,Datilografia,Papel,Folha,,Espanhol,1,1,1f,,Jeorje Emanuel Diaz,Autor,,,,,,,Militância política,Apoio a perseguidos políticos da América Latina,,,,,,,,,,,,,
JAP,1.8.15,Editorial,Unitária,s.l.,10/29/1975,Datilografia,Papel,Folha,,Espanhol,1,1,1f,,Jeorje Emanuel Diaz,Autor,,,,,,,Militância política,Apoio a perseguidos políticos da América Latina,,,,,,,,,,,,,
JAP,1.8.16,Editorial,Unitária,s.l.,2/13/1975,Datilografia,Papel,Folha,,Espanhol,1,1,2f,,Jeorje Emanuel Diaz,Autor,,,,,,,Militância política,Apoio a perseguidos políticos da América Latina,,,,,,,,,,,,,
JAP,1.9.1,Oração,Unitária,s.l.,s.d.,Datilografia,Papel,Folha,,Português,1,1,1f,,Swami Vivekananda,Autor,,,,,,,,,,,,,,,,,,,,"Rasgo, sem prejuízo de leitura",
JAP,1.9.2,Roteiro de cantos litúrgicos,Unitária,s.l.,s.d.,Datilografia,Papel,Folha,,Português,1,1,1f,,,,,,,,,,,,,,,,,,,,,,,,
JAP,1.9.3,Entrevista,Unitária,s.l.,1975,Datilografia,Papel,Folha,,Português,1,1,4f,,José Combalin (padre),Entrevistado,Jean Vogel,Entrevistador,,,,,Militância política,Apoio a perseguidos políticos da América Latina,,,,,,,,,,,"COMBLIN (Pe.). ""A Posição da Igreja é desconfortável no Brasil, país onde domina a psicose do medo"": depoimento [15 de abril de 1972]. Revista Informations Catholiques Internationales, nº 406. Entrevista concedida a Jean Vogel.",,
JAP,1.9.4,Carta de notícias,Unitária,Arequipa (Peru),s.d.,Datilografia,Papel,Folha,,Português,1,1,2f,,R. Giogno ,Remetente,Jovina Álvares Pessoa,Destinatário,,,,,Militância política,Apoio a perseguidos políticos da América Latina,,,,,,,,,,,,,
JAP,1.9.5,Bilhete de cumprimentos,Unitária,s.l.,9/20/1988,Manuscritura ,Papel,Folha,,Português,1,1,1f,,Carlito Maia,Remetente,Jovina Álvares Pessoa,Destinatário,,,,,Relacionamento social,,,,,,,,,,,,,,
JAP,1.9.6,Certificado,Unitária,s.l.,10/25/1988,Impressão,Papel,Folha,,Português,1,1,1f,,,,,,,,,,Homenagem,Homenagem prestada por ocasião da entrega do 10º Prêmio Vladimir Herzog de Anistia e Direitos Humanos a Jovina Álvares Pessoa,São Paulo (SP),10/25/1988,,,,,,,,,,,
JAP,1.9.7,Carta de encaminhamento de doação,Unitária,São Paulo (SP),11/13/1981,Datilografia,Papel,Folha,,Português,1,2,1f,,Jovina Álvares Pessoa,Remetente,Eney F. Plessman de Camargo,Destinatário,,,,,Doação,Doação da biblioteca pessoal de Samuel Barnsley Pessoa à Escola Paulista de Medicina ,,,,,,,,,,,,,
JAP,1.9.8,Covite,Unitária,Vitória (ES),10/13/1978,Datilografia,Papel,Folha,,Português,2,1,2f,,XIV Turma de formandos em Medicina da Universidade Federal do Espírito Santo,Remetente,Jovina Álvares Pessoa,Destinatário,,,,,Homenagem,Homenagem prestada por ocasião da formatura da XIV turma medicina da Universidade Federal do Espírito Santo a Samuel Barnsley Pessoa ,Vitória (ES),1/11/1979,,,,,,,,,,Anexo: programa,
JAP,1.9.9,Carta de recomendações técnicas,Unitária,Rio de Janeiro (RJ),2/14/1978,Datilografia,Papel,Folha,,Português,2,1,3f,,Aluísio Affonso,Remetente,Amilcar Viana Martins,Destinatário,,,,,Lançamento de obra,Parasitologia Médica (11ª edição),Rio de Janeiro (RJ),1982,,,,,,,,,,,
JAP,1.9.10,Prefácio,Unitária,s.l.,1987,Datilografia,Papel,Folha,,Português,1,1,1f,,Amilcar Vianna Martins,Autor,,,,,,,Lançamento de obra,Parasitologia Médica (11ª edição),Rio de Janeiro (RJ),1982,,,,,,,,,,,
JAP,1.10.1,Estatuto,Unitária,São José do Rio Preto (SP),10/26/1978,Datilografia,Papel,Folha,,Português,2,1,6f,,,,,,,,,,Fundação,Fundação do Centro de Estudos Samuel Pessoa,Sã José do Rio Preto (SP),1978,,,,, Centro Brasileiro de Estudos de Saúde,Centro de Estudos Samuel Pessoa,,,,Anexo: carta de encaminhamento,
JAP,1.10.2,Carta de declinação de convite,Unitária,São Paulo (SP),s.d.,Datilografia,Papel,Folha,,Português,1,1,1f,,Jovina Álvares Pessoa,Signatário,Antonio Caldeira da Silva ,Destinatário,Centro de Estudos Samuel Pessoa,Destinatário,,,Fundação,Fundação do Centro de Estudos Samuel Pessoa,Sã José do Rio Preto (SP),1978,,,,,Centro de Estudos Samuel Pessoa,,,,,,
JAP,1.10.3,Convite,Unitária,Campinas (SP),12/28/1978,Datilografia,Papel,Folha,,Português,1,2,1f,,Paulo de Toledo Artigas,Remetente,Gil Vital Álvares Pessoa,Destinatário,,,,,Homenagem,Outorga do Prêmio Samuel Barnsley Pessoa durante o Congresso da Sociedade Brasileira de Parasitologia (4),Campinas (SP),01/02/1979-04/02/1979,Premiação,"Entrega do Prêmio Samuel Barnsley Pessoa, durante o Congresso da Sociedade Brasileira de Parasitologia (4)",Campinas (SP),1-4/02/1979,,,,,,,
JAP,1.10.4,Carta de apresentação,Unitária,Roma (Itália),4/8/1982,Manuscritura,Papel,Folha,,Italiano,1,1,1f,,Ettore Biocca,Remetente,Jovina Álvares Pessoa,Destinatário,,,,,Relacionamento social,,,,,Ettore Biocca,,,,,,,,,
JAP,1.10.5,Carta de notícias,Unitária,Londrina (PR),4/11/1978,Manuscritura,Papel,Folha,,Português,1,1,1f,,Bel Pedreira Ceribelli,Remetente,Jovina Álvares Pessoa,Destinatário,,,,,Relacionamento social,,,,Lançamento de obra,"Lançamento de ""Ensaios Médico - Sociais"" (2ª ed.), durante a palestra ""Medicina de Interior""",Londrina (PR),Apr-78,Associação Médica de Londrina,,,,,,
JAP,1.10.6,Carta de agradecimento,Unitária,Barquisimento (Venezuela),3/2/1977,Manuscritura,Papel,Folha,,Português,1,1,1f,,Amilcar Vianna Martins,Remetente,Jovina Álvares Pessoa,Destinatário,,,,,Lançamento de obra,Parasitologia Médica (10ª edição),Rio de Janeiro (RJ),1977,,,,,,,,,,,
JAP,1.10.7,Carta de condolências,Unitária,Recife (PE),1/26/1977,Manuscritura,Papel,Folha,,Português,1,1,1f,,Arnaldo Marques,Remetente,Jovina Álvares Pessoa,Destinatário,,,,,Falecimento,Falecimento de Samuel Barnsley Pessoa,São Paulo (SP),9/3/1977,,,,,,,,,,,
JAP,1.10.8,Carta de notícias,Unitária,Salvador (BA),2/3/1977,Manuscritura,Papel,Folha,,Português,1,1,1f,,Zilton de Araújo Andrade,Remetente,Jovina Álvares Pessoa,Destinatário,,,,,Relacionamento social,,,,,,,,,,,,,,
JAP,1.10.9,Convite,Unitária,São José do Rio Preto (SP),5/21/1979,Datilografia,Papel,Folha,,Português,1,1,1f,,Antonio Cadeira da Silva ,Remetente,Jovina Álvares Pessoa,Destinatário,,,,,Congresso,"Semana da Saúde, promovida pelo Centro de Estudos Samuel Pessoa",São José do Rio Preto (SP),21/05/1979-26/05/1979,,,,,,,,,,,
JAP,1.10.10,Convite,Unitária,Niterói (RJ),1/8/1979,Datilografia,Papel,Folha,,Português,1,1,1f,,Hugo Coelho Barbosa Tomassini,signatário,Jovina Álvares Pessoa,Destinatário,Prefeitura de Niterói,Destinatário,,,Sessão solene,Inauguração do Centro de Estudos Samuel Barnsley Pessoa,Niterói (RJ),1/18/1979,,,,,,,,,,,
JAP,1.10.11,Carta de agradecimento,Unitária,São Paulo (SP),8/31/1978,Datilografia,Papel,Folha,,Português,1,1,1f,,Jovina Álvares Pessoa,Remetente,Associação Atlético Acadêmica da Faculdade de Medicina de Itajubá,Destinatário,,,,,Homenagem,Nomeação de Samuel Barnsley Pessoa como patrono da Associação Atlético Acadêmica  da Faculdade de Medicina de Itajubá,Itajubá (MG),1978,,,,,,,,,,,
JAP,1.10.12,Moção de apelo,Unitária,s.l.,s.d.,"Datilografia, Manuscritura",Papel,Folha,,Português,1,1,1f,,,,,,,,,,Militância política,Movimento Feminista,,,,,,,Federação das Mulheres do Estado de São Paulo,,,,,"Rasgo, com prejuízo da leitura, texto rasurado",
JAP,1.10.13,Convite,Unitária,Campinas (SP),s.d.,Datilografia,Papel,Folha,,Português,1,1,1f,,Marcelo Pinheiro Zarattini,Remetente,Jovina Álvares Pessoa,Destinatário,,,,,Premiação,"Outorga da Ordem ""Prof. Dr. Samuel Barnsley Pessoa"" pelo Diretório Acadêmico da Faculdade de Medicina da PUC-Campinas",Campinas (SP),17/03/1983-18/03/1983,,,,,,,,,,,
JAP,1.10.14,Convite,Unitária,Campinas (SP),s.d.,Datilografia,Papel,Folha,,Português,1,1,1f,,Marcelo Pinheiro Zarattini,Remetente,Jovina Álvares Pessoa,Destinatário,,,,,Premiação,"Outorga da Ordem ""Prof. Dr. Samuel Barnsley Pessoa"" pelo Diretório Acadêmico da Faculdade de Medicina da PUC-Campinas",Campinas (SP),17/03/1983-18/03/1983,,,,,,,,,,,
JAP,1.10.15,Circular,Unitária,Campinas (SP),1979,Datilografia,Papel,Folha,,Português,1,1,1f,,Luiz Augusto Guimarães,Signatário,,,,,,,Congresso,Congresso da Sociedade Brasileira de Parasitologia (4º),Campinas (SP),01/02/1979-04/02/1979,Premiação,"Entrega de medalha com a efígie de Samuel Barnsley Pessoa, durante o Congresso da Sociedade Brasileira de Parasitologia (4º)",Campinas (SP),01-04/02/1979,,,,,,,
JAP,1.11.1,Discurso,Unitária,São Paulo (SP),9/4/1976,Datilografia,Papel,Folha,,Português,2,1,4f,,Carlos da Silva Lacaz,Autor,,,,,,,Falecimento,Falecimento de Samuel Barnsley Pessoa,São Paulo (SP),9/3/1976,,,,,,,,,,,
JAP,1.11.2,Carta de agradecimento,Unitária,São Paulo (SP),10/8/1976,Datilografia,Papel,Folha,,Português,1,1,1f,,Jovina Álvares Pessoa,Remetente,Carlos da Silva Lacaz,Destinatário,,,,,Falecimento,Falecimento de Samuel Barnsley Pessoa,São Paulo (SP),9/3/1976,,,,,,,,,,Ver: discurso 1.1.1, carta de condolências: 1.11.4
JAP,1.11.3,Programa,Unitária,São Paulo (SP),1985,Datilografia,Papel,Folha,,Português,2,1,17f,,,,,,,,,,Curso,Curso de Especialização em Medicina Tropical (26º),São Paulo (SP),1985,Homenagem,Nomeação de Samuel Barnsley Pessoa como patrono do Curso de Especialização em Medicina Tropical (26º),São Paulo (SP),1985,Instituto de Medicina Tropical de São Paulo,,,,,Anexo: carta de encaminhamento,
JAP,1.11.4,Carta de condolências,Unitária,São Paulo (SP),9/8/1976,Datilografia,Papel,Folha,,Português,1,1,1f,,Carlos da Silva Lacaz,Remetente,Jovina Álvares Pessoa,Destinatário,,,,,Falecimento,Falecimento de Samuel Barnsley Pessoa,São Paulo (SP),9/3/1976,,,,,,,,,,,
JAP,1.11.5,Prospecto,Unitária,Curitiba (PR),1983,Impressão,Papel,Folha,,Português,1,1,1f,,,,,,,,,,,,,,,,,,,,,,,,
JAP,1.11.6,Discurso,Unitária,s.l.,1978,"Datilografia, Manuscritura",Papel,Folha,,Português,1,1,3f,,,,,,,,,,Lançamento de obra,Ensaios Médico-Sociais (2ª edição),São Paulo (SP),1978-,,,,,,,,,,,
JAP,1.11.7,Convite,Unitária,Cidade do México (México),1978,Datilografia,Papel,Folha,,Espanhol,1,1,1f,,Sociedade Mexicana de Parasitologia,Remetente,Samuel Barnsley Pessoa,Destinatário,,,,,Congresso ,Congresso Nacional de Parasitologia (3º),Monterrey (México),01/11/1978-03/11/1978,,,,,,,,,,,
JAP,1.11.8,Carta de agradecimento,Unitária,São Paulo (SP),8/31/1978,Datilografia,Papel,Folha,,Português,1,1,1f,,Jovina Álvares Pessoa,Remetente,Sociedade Mexicana de Parasitologia,Destinatário,,,,,Congresso ,Congresso Nacional de Parasitologia (3º),Monterrey (México),01/11/1978-03/11/1978,,,,,,,,,,,
JAP,1.12.1,Depoimento,Unitária,Campinas (SP),1983,Impressão,Papel,Folha,,Português,1,3,3f,,Marcelo Oswaldo Álvares Correa,Autor,,,,,,,Premiação,Outorga da Ordem Prof. Dr. Samuel Barnsley Pessoa,Campinas (SP),1983,,,,,,,,,,,
JAP,1.12.2,Receita Médica,Unitária,s.l.,s.d.,Impressão (xerox),Papel,Folha,,Português,2,1,2f,,,,,,,,,,Relacionamento social,,,,,,,,,,,,,Anexo: Carta de encaminhamento,
JAP,1.12.3,Carta de elogio,Unitária,s.l.,1961,Manuscritura,Papel,Folha,,Português,1,1,1f,,Yaynha Pereira Gomes,Remetente,Jovina Álvares Pessoa,Destinatário,,,,,Relacionamento social,,,,,,,,,,,,,,
JAP,1.12.4,Convite,Unitária,São Paulo (SP),5/15/1986,Datilografia,Papel,Folha,,Português,1,1,2f,,Federação Latino-Americana de Associações de Familiares de Presos-Desaparecidos ,Remetente,Jovina Álvares Pessoa,Destinatário,,,,,Debate,"""O Desaparecido político e a constituinte"", promovido pelo Comitê Brasileiro de Solidadriedade aos Povos da América Latina",São Paulo (SP),5/27/1986,Missa,Missa pelos desaparecidos políticos,São Paulo (SP),6/1/1986,Federação Latino-Americana de Associações de Familiares de Presos-Desaparecidos ,Comitê Brasileiro de Solidadriedade aos Povos da América Latina,Comitê de Defesa dos Direitos Humanos para os Países do Cone Sul ,,,,
JAP,1.12.5,Carta de notícias,Unitária,Jacobina (BA),2/8/1983,Manuscritura,Papel,Folha,,Português,1,1,1f,,Theodora Macedo,Remetente,Jovina Álvares Pessoa,Destinatário,,,,,Relacionamento social,,,,,,,,,,,,,,
JAP,1.12.6,Carta de encaminhamento de documentos,Unitária,Bauru (SP),10/12/1983,Manuscritura,Papel,Folha,,Português,1,1,1f,,Adelaide R. Magalhães,Remetente,Jovina Álvares Pessoa,Destinatário,,,,,Relacionamento social,,,,,,,,,,,,,,
JAP,1.12.7,Carta de encaminhamento de documentos,Unitária,Lisboa (Portugal),7/12/1978,Manuscritura,Papel,Folha,,Português,1,1,3f,,Zillah Branco ,Remetente,Jovina Álvares Pessoa,Destinatário,,,,,Relacionamento social,,,,,,,,,,,,,,
JAP,1.12.8,Carta de agradecimento,Unitária,Lisboa (Portugal),8/19/1978,Manuscritura,Papel,Folha,,Português,1,1,1f,,Zillah Branco ,Remetente,Jovina Álvares Pessoa,Destinatário,,,,,Relacionamento social,,,,Lançamento de obra,Ensaios Médico-Sociais (2ª edição),São Paulo (SP),1978,,,,,,,
JAP,1.12.9,Carta de condolências,Unitária,Londres (Inglaterra),5/5/1977,Datilografia,Papel,Folha,,Português,1,1,1f,,Antonio Carlos Corsini,Remetente,Jovina Álvares Pessoa,Destinatário,,,,,Falecimento,Falecimento de Samuel Barnsley Pessoa,São Paulo (SP),9/3/1976,,,,,,,,,,,
JAP,1.12.10,Carta de doação,Unitária,São Paulo (SP),11/13/1981,Manuscritura,Papel,Folha,,Português,1,1,1f,,Jovina Álvares Pessoa,Remetente,Eney F. Plessman de Camargo,,,,,,Doação,Doação da biblioteca pessoal de Samuel Barnsley Pessoa à Escola Paulista de Medicina ,São Paulo (SP),1981,,,,,,,,,,,
JAP,1.12.11,Carta de notícias,Unitária,São Paulo (SP),4/5/1952,Manuscritura,Papel,Folha,,Português,1,1,1f,,Maria Paes de Barros,Remetente,Jovina Álvares Pessoa,Destinatário,,,,,Relacionamento social,,,,,,,,,,,,,,
JAP,1.12.12,Carta de boas festas,Unitária,s.l.,s.d.,Datilografia,Papel,Folha,,Português,1,1,1f,,,,,,Jovina Álvares Pessoa,Destinatário,,,Relacionamento social,,,,,,,,,,,,,,
JAP,1.12.13,Convite,Unitária,São Paulo (SP),s.d.,Datilografia,Papel,Folha,,Português,1,1,1f,,,,,,,,,,Culto religioso,Missa do 1º aniversário do traslado dos restos mortais de Frei Tito de Alencar Lima,São Paulo (SP),3/26/1984,,,,,,,,,,,
JAP,1.12.14,Convite,Unitária,São Paulo (SP),s.d.,Impressão,Papel,Folha,,Português,1,1,1f,,,,,,,,,,Culto religioso,"Missa do traslado dos restos mortais de Frei Tito de Alencar Lima e  Alexandre Vannucchi Leme, na Catedral da Sé",São Paulo (SP),3/25/1983,,,,,,,,,,,
JAP,1.12.15,Convite,Unitária,São Paulo (SP),s.d.,Impressão,Papel,Folha,,Português,1,1,1f,,Centro Brasileiro de Estudos de Saúde,Remetente,,,,,,,Lançamento de obra,Ensaios Médico-Sociais (2ª edição) ,São Paulo (SP),1978,,,,,,,,,,,
JAP,1.12.16,Convite,Unitária,São Paulo (SP),1978,Impressão,Papel,Folha,,Português,1,3,1f,,Centro Brasileiro de Estudos de Saúde,Remetente,,,,,,,Lançamento de obra,Ensaios Médico-Sociais (2ª edição),São Paulo (SP),3/30/1978,,,,,,,,,,,
JAP,1.13.1,Declaração Universal dos Direitos Humanos,Unitária,Salvador (BA),1978,Impressão,Papel,Folha,,Português,1,1,9f,,,,,,,,,,Militância política,,,,,,,,Coodenadoria Ecumênica de Serviço,,,,"ONU. Declaração Universal dos Direitos Humanos. 3 ed. São Paulo: Edições Paulinas - CESE, 1978.",,
JAP,1.13.2,Programa,Unitária,s.l.,Sep-83,Impressão,Papel,Folha,,Português,1,1,3f,,,,,,,,,,Exposição,Mostra de Teatro Amador da Bahia (3ª),Salvador (BA),21/09/1983-25/09/1983,,,,,Centro de Cultura Popular,Federação Bahiana de Teatro Amador,,,,,
JAP,1.13.3,Roteiro Litúrgico,Unitária,São Paulo (SP),3/25/1983,Impressão,Papel,Folha,,Português,1,1,3f,,,,,,,,,,Culto religioso,"Missa do traslado dos restos mortais de Frei Tito de Alencar Lima e  Alexandre Vannucchi Leme, na Catedral da Sé",São Paulo (SP),3/25/1983,,,,,,,,,,,
JAP,1.13.4,Documento-base,Unitária,Brasília (DF),1982,Impressão,Papel,Folha,,Português,1,1,8f,,,,,,,,,,Campanha social,Campanha da Fraternidade,,16/02.1983-03/03/1983,,,,,Confederação Nacional dos Bispos do Brasil,,,,,,
JAP,1.13.5,Prospecto,Unitária,s.l.,s.d.,Impressão,Papel,Folha,,Português,1,1,3f,,,,,,,,,,Espetáculo artístico,"""As Aventuras de Bastião"", encenada pelo grupo de teatro de bonecos do Centro de Cultura Popular",s.l.,s.d.,,,,,,,,,,,
JAP,1.13.6,Informativo,Unitária,Curitiba (PR),Aug-83,Impressão,Papel,Folha,,Português,1,1,5f,,,,,,,,,,Premiação,"Prêmio Samuel Pessoa, promovido pelo Diretório Nilo Cairo da Faculdade de Medicina da Universidade Federal do Paraná",Curitiba (PR),1983,,,,,,,,,,,
JAP,1.13.7,Programa,Unitária,Florianópolis (SC),1977,Impressão,Papel,Folha,,Português,1,2,3f,,,,,,,,,,Congresso,Encontro Científico de Estudantes de Medicina do Brasil (9º),Florianópolis (SC),10/07/1977-17/07/1977,,,,,Universidade Federal de Santa Catarina,,,,,,
JAP,1.13.8,Estatuto,Unitária,Florianópolis (SC),Jul-77,Impressão,Papel,Folha,,Português,1,1,21f,,,,,,,,,,Congresso,Encontro Científico de Estudantes de Medicina do Brasil (9º),Florianópolis (SC),10/07/1977-17/07/1977,,,,,Universidade Federal de Santa Catarina,,,,,,
JAP,1.13.9,Declaração Universal dos Direitos Humanos,Unitária,Salvador (BA),1978,Impressão,Papel,Folha,,Português,1,1,9f,,,,,,,,,,Militância política,,,,,,,,Coodenadoria Ecumênica de Serviço,,,,"ONU. Declaração Universal dos Direitos Humanos. 4 ed. São Paulo: Edições Paulinas - CESE, 1978.",,
JAP,1.14.1,Cartão de boas festas,Unitária,s.l.,s.d.,Manuscritura,Papel,Folha,,Inglês,1,1,1f,,Nuno Álvares Pessoa de Almeida Ramos Pessoa de Almeida Ramos,Remetente,Maria Guiomar Pessoa de Almeida Ramos,Remetente,Fernão Vitor Pessoa de Almeida Ramos,Remetente,Jovina Álvares Pessoa,Destinatário,Relacionamento familiar,,,,,,,,,,,,,,
JAP,1.14.2,Cartão de cumprimentos,Unitária,São Paulo (SP),s.d.,Manuscritura,Papel,Folha,,Português,1,1,1f,,Maria Guiomar Pessoa de Almeida Ramos ,Remetente,Jovina Álvares Pessoa,Destinatário,Samuel Barnsley Pessoa,Destinatário,,,Relacionamento familiar,,,,,,,,Maria Guiomar Pessoa de Almeida Ramos,,,,,,
JAP,1.14.3,Cartão de cumprimentos,Unitária,s.l.,s.d.,Manuscritura,Papel,Folha,,Português,1,1,1f,,Dulce Helena Álvares Pessoa Ramos,Remetente,Gil Vital Álvares Pessoa,Remetente,Cyro Ruben Álvares Pessoa,Remetente,Jovina Álvares Pessoa,Destinatário,Aniversário,Aniversário de Jovina Álvares Pessoa,s.l.,s.d.,,,,,,,,,,,
JAP,1.14.4,Cartão de boas festas,Unitária,s.l.,s.d.,Manuscritura,Papel,Folha,,Português,1,1,1f,,Ana Maria ,Remetente,Jovina Álvares Pessoa,Destinatário,,,,,Relacionamento familiar,,,,,,,,,,,,,,
JAP,1.14.5,Cartão de boas festas,Unitária,s.l.,1986,Manuscritura,Papel,Folha,,Português,1,1,1f,,Leônidas ,Remetente,Xaxá ,Remetente,Jovina Álvares Pessoa,Destinatário,,,Relacionamento social,,,,,,,,,,,,,,
JAP,1.14.6,Cartão de boas festas,Unitária,São Paulo (SP),12/10/1985,Manuscritura,Papel,Folha,,Português,1,1,1f,,Thereza Zerbini,Remetente,Jovina Álvares Pessoa,Destinatário,,,,,Relacionamento social,,,,,,,,,,,,,,
JAP,1.14.7,Cartão de boas festas,Unitária,São Paulo (SP),s.d.,Manuscritura,Papel,Folha,,Português,1,1,1f,,Ruth de Abreu,Remetente,Jovina Álvares Pessoa,Destinatário,,,,,Relacionamento social,,,,,,,,,,,,,,
JAP,1.14.8,Cartão de boas festas,Unitária,s.l.,s.d.,Manuscritura,Papel,Folha,,Português,1,1,1f,,Zuleika ,Remetente,Saul ,Destinatário,,,,,Relacionamento social,,,,,,,,,,,,,,
JAP,1.14.9,Cartão de boas festas,Unitária,s.l.,Dec-85,Manuscritura,Papel,Folha,,Português,1,1,1f,,Luiza ,Remetente,Camilo ,Remetente,Jovina Álvares Pessoa,Destinatário,,,Relacionamento social,,,,,,,,,,,,,,
JAP,1.14.10,Cartão de boas festas,Unitária,São Paulo (SP),1985,Manuscritura,Papel,Folha,,Português,1,1,1f,,Joaquim ,Remetente,Jovina Álvares Pessoa,Destinatário,,,,,Relacionamento social,,,,,,,,,,,,,,
JAP,1.14.11,Convite,Unitária,São Paulo (SP),10/10/1986,Manuscritura,Papel,Folha,,Português,1,1,1f,,Thereza Zerbini,Remetente,Jovina Álvares Pessoa,Destinatário,,,,,Espetáculo artístico,"""Lorca"", encenada por Edison Nequete, sob os auspícios do Movimento Feminino por Direitos Humanos",São Paulo (SP),Oct-87,,,,,,,,,,,
JAP,1.14.12,Cartão de boas festas,Unitária,s.l.,Dec-85,Manuscritura,Papel,Folha,,Português,1,1,1f,,Luis Carlos Prestes,Remetente,Jovina Álvares Pessoa,Destinatário,,,,,Relacionamento social,,,,,,,,,,,,,,
JAP,1.14.13,Cartão de boas festas,Unitária,s.l.,s.d.,Manuscritura,Papel,Folha,,Português,1,1,1f,,Luis Carlos Prestes,Remetente,Jovina Álvares Pessoa,Destinatário,,,,,Relacionamento social,,,,,,,,,,,,,,
JAP,1.14.14,Cartão de boas festas,Unitária,Maputo (Moçambique),1983,Manuscritura,Papel,Folha,,Português,1,1,1f,,Lenina Machado,Remetente,Frente de Libertação de Moçambique,Remetente,Jovina Álvares Pessoa,Destinatário,,,Relacionamento social,,,,,,,,,,,,,,
JAP,1.14.15,Cartão de cumprimentos,Unitária,s.l.,s.d.,Manuscritura,Papel,Folha,,Português,1,1,1f,,Maria Guiomar Pessoa de Almeida Ramos,Remetente,Fernão Vitor Pessoa de Almeida Ramos,Remetente,Nuno Álvares Pessoa de Almeida Ramos,Remetente,Jovina Álvares Pessoa,Destinatário,Relacionamento familiar,,,,,,,,,,,,,,
JAP,1.14.16,Cartão de boas festas,Unitária,s.l.,Dec-78,Manuscritura,Papel,Folha,,Português,1,1,1f,,Domingos (frei),Remetente,Jovina Álvares Pessoa,Destinatário,,,,,Relacionamento social,,,,,,,,,,,,,,
JAP,1.14.17,Convite,Unitária,São Paulo (SP),1971,Datilografia,Papel,Folha,,Português,1,1,1f,,,,,,,,,,Culto religioso,Missa de ordenação sacerdotal de Giorgio Callegari e José de Rezende Ribeiro,São Paulo (SP),12/15/1971,,,,,,,,,,,
JAP,1.14.18,Cartão de boas festas,Unitária,Lisboa (Portugal),Dec-83,Manuscritura,Papel,Folha,,Português,1,1,1f,,Zillah Branco Branco,Remetente,Jovina Álvares Pessoa,Destinatário,,,,,Relacionamento social,,,,,,,,,,,,,,
JAP,1.15.1,Cartão postal,Unitária,Porto Seguro (BA),12/17/1983,Manuscritura,Papel,Folha,,Português,1,1,1f,,Maria Guiomar Pessoa de Almeida Ramos,Remetente,Jovina Álvares Pessoa,Destinatário,,,,,Relacionamento familiar,,,,,,,,,,,,,,
JAP,1.15.2,Cartão postal,Unitária,São Luiz (MA),1/17/1979,Manuscritura,Papel,Folha,,Português,1,1,1f,,Maria Guiomar Pessoa de Almeida Ramos,Remetente,Jovina Álvares Pessoa,Destinatário,,,,,Relacionamento familiar,,,,,,,,,,,,,,
JAP,1.15.3,Cartão postal,Unitária,Belém (PA),1/9/1979,Manuscritura,Papel,Folha,,Português,1,1,1f,,Maria Guiomar Pessoa de Almeida Ramos,Remetente,Jovina Álvares Pessoa,Destinatário,,,,,Relacionamento familiar,,,,,,,,,,,,,,
JAP,1.15.4,Cartão postal,Unitária,Arequipa (Peru),s.d.,Manuscritura,Papel,Folha,,Espanhol,1,1,1f,,Jeorje Emanuel Diaz,Remetente,Jovina Álvares Pessoa,Destinatário,,,,,Relacionamento social,,,,,,,,,,,,,,
JAP,1.15.5,Cartão postal,Unitária,Paris (França),4/12/1978,Manuscritura,Papel,Folha,,Português,1,1,1f,,Rita ,Remetente,Jovina Álvares Pessoa,Destinatário,,,,,Relacionamento social,,,,,,,,,,,,,,
JAP,1.15.6,Cartão postal,Unitária,s.l.,1/5/1978,Manuscritura,Papel,Folha,,Português,1,1,1f,,Gimenez ,Remetente,Jovina Álvares Pessoa,Destinatário,,,,,Relacionamento social,,,,,,,,,,,,,,
JAP,1.15.7,Cartão postal,Unitária,Belém (PA),9/27/1976,Manuscritura,Papel,Folha,,Português,1,1,1f,,Maria ,Remetente,Jovina Álvares Pessoa,Destinatário,,,,,Relacionamento social,,,,,,,,,,,,,,
JAP,1.15.8,Cartão postal,Unitária,Valencia (Venezuela) ,Dec-77,Manuscritura,Papel,Folha,,Português,1,1,1f,,Leonidas ,Remetente,Xaxá,Remetente,Jovina Álvares Pessoa,Destinatário,,,Relacionamento social,,,,,,,,,,,,,,
JAP,1.15.9,Cartão postal,Unitária,Bangladesh,9/14/1976,Manuscritura,Papel,Folha,,Português,1,1,1f,,Heloisa ,Remetente,Jovina Álvares Pessoa,Destinatário,,,,,Relacionamento familiar,,,,,,,,,,,,,,
JAP,1.15.10,Cartão postal,Unitária,França,1978,Manuscritura,Papel,Folha,,Português,1,1,1f,,Luizito ,Remetente,Jovina Álvares Pessoa,Destinatário,,,,,Relacionamento familiar,,,,,,,,,,,,,,
JAP,1.15.11,Cartão postal,Unitária,Roma (Itália),s.d.,Manuscritura,Papel,Folha,,Português,1,1,1f,,Ettore Biocca,Remetente,Jovina Álvares Pessoa,Destinatário,,,,,Relacionamento social,,,,,,,,,,,,,,
JAP,1.15.12,Cartão postal,Unitária,Éveux (França),6/21/1980,Manuscritura,Papel,Folha,,Português,1,1,1f,,Domingos (frei),Remetente,Jovina Álvares Pessoa,Destinatário,,,,,Relacionamento social,,,,,,,,,,,,,,
JAP,1.15.13,Santinho ,Unitária,São Félix (MT),1971,Impressão,Papel,Folha,,Português,1,1,1f,,,,,,,,,,Culto religioso,Sagração de Pedro Casaldáliga como bispo,São Félix (MT),10/23/1971,,,,,,,,,,,
JAP,1.15.14,Cartão de boas festas,Unitária,s.l.,s.d.,Impressão,Papel,Folha,,Português,1,1,1f,,,,,,,,,,,,,,,,,,,,,,,,
JAP,1.15.15,Cartão de boas festas,Unitária,s.l.,s.d.,Impressão,Papel,Folha,,Português,1,1,1f,,,,,,,,,,,,,,,,,,,,,,,,
JAP,1.16.1,Revista,Unitária,São Paulo (SP),01/1977-03/1977,Impressão,Papel,Folha,,Português,1,1,16f,,,,,,,,,,,,,,,,,,Saúde em Debate,,,,,,
JAP,1.17.1,Revista,Unitária,São Paulo (SP), 04/1977-06/1977,Impressão,Papel,Folha,,Português,1,1,20f,,,,,,,,,,,,,,,,,,Saúde em Debate,,,,,,
JAP,1.18.1,Revista,Unitária,São Paulo (SP), 07/1977-09/1977,Impressão,Papel,Folha,,Português,1,1,23f,,,,,,,,,,,,,,,,,,Saúde em Debate,,,,,,
JAP,1.19.1,Notícia,Unitária,São Paulo (SP),01/1978-03/1978,Impressão,Papel,Folha,,Português,1,1,18f,,,,,,,,,,Lançamento de obra,Ensaios Médico-Sociais (2ª edição),São Paulo (SP),3/30/1978,,,,,Saúde em Debate,,,,,,
JAP,1.20.1,Revista,Unitária,São Paulo (SP),01/1980-03/1980,Impressão,Papel,Folha,,Português,1,1,14f,,,,,,,,,,,,,,,,,,Saúde em Debate,,,,,,
JAP,1.21.1,Coletânea de artigos,Serial,São Paulo (SP),28/08/1977 - 17/02/1978,Impressão,Papel,Folha,,Português,9,9,9f,,Newton Carlos,Autor,,,,,,,Interesse por Política Internacional (América Latina),,,,,,,,Folha de São Paulo,,,,,,
JAP,1.21.2,Coletânea de artigos,Serial,São Paulo (SP),22/09/1977 - 21/02/1978,Impressão,Papel,Folha,,Português,5,5,5f,,Newton Carlos,Autor,,,,,,,Interesse por Política Internacional ,,,,,,,,Folha de São Paulo,,,,,,
JAP,1.21.3,Coletânea de artigos,Serial,São Paulo (SP),22/08/1977 - 22/02/1978,Impressão,Papel,Folha,,Português,10,10,10f,,Newton Carlos,Autor,,,,,,,Interesse por Política Internacional (Argentina),,,,,,,,Folha de São Paulo,,,,,,
JAP,1.21.4,Coletânea de artigos,Serial,São Paulo (SP),31/08/1977 - 23/02/1978,Impressão,Papel,Folha,,Português,6,6,6f,,Newton Carlos,Autor,,,,,,,Interesse por Política Internacional (Chile),,,,,,,,Folha de São Paulo,,,,,,
JAP,1.22.1,Coletânea de artigos,Serial,São Paulo (SP),17/01/1977 - 19/09/1977,Impressão,Papel,Folha,,Português,2,2,2f,,Newton Carlos,Autor,,,,,,,Interesse por Política Internacional (Colômbia),,,,,,,,Folha de São Paulo,,,,,,
JAP,1.22.2,Coletânea de artigos,Serial,São Paulo (SP),14/09/1977 - 14/02/1978,Impressão,Papel,Folha,,Português,2,2,2f,,Newton Carlos,Autor,,,,,,,Interesse por Política Internacional (Israel),,,,,,,,Folha de São Paulo,,,,,,
JAP,1.22.3,Coletânea de artigos,Serial,São Paulo (SP),18/01/1978-28/01/1978,Impressão,Papel,Folha,,Português,3,3,3f,,Newton Carlos,Autor,,,,,,,Interesse por Política Internacional (Nicarágua),,,,,,,,Folha de São Paulo,,,,,,
JAP,1.22.4,Coletânea de artigos,Serial,São Paulo (SP),25/09/1977 - 11/02/1978,Impressão,Papel,Folha,,Português,3,3,3f,,Newton Carlos,Autor,,,,,,,Interesse por Política Internacional (Panamá),,,,,,,,Folha de São Paulo,,,,,,
JAP,1.22.5,Coletânea de artigos,Serial,São Paulo (SP),22/09/1977 - 26/01/1978,Impressão,Papel,Folha,,Português,2,2,2f,,Newton Carlos,Autor,,,,,,,Interesse por Política Internacional (Venezuela),,,,,,,,Folha de São Paulo,,,,,,
JAP,1.22.6,Artigo,Unitária,São Paulo (SP),10/12/1977,Impressão,Papel,Folha,,Português,1,1,1f,,Newton Carlos,Autor,,,,,,,Interesse por Política Internacional (Perú),,,,,,,,Folha de São Paulo,,,,,,
JAP,1.22.7,Artigo,Unitária,São Paulo (SP),10/20/1977,Impressão,Papel,Folha,,Português,1,1,1f,,Newton Carlos,Autor,,,,,,,Interesse por Política Internacional (África do Sul),,,,,,,,Folha de São Paulo,,,,,,
JAP,1.22.8,Artigo,Unitária,São Paulo (SP),2/3/1978,Impressão,Papel,Folha,,Português,1,1,1f,,Newton Carlos,Autor,,,,,,,Interesse por Política Internacional (República Federativa da Alemanha),Interesse por Política Internacional (República Democrática da Alemanha),,,,,,,Folha de São Paulo,,,,,,
JAP,1.22.9,Artigo,Unitária,São Paulo (SP),9/10/1978,Impressão,Papel,Folha,,Português,1,1,1f,,Newton Carlos,Autor,,,,,,,Interesse por Política Internacional (Espanha),,,,,,,,Folha de São Paulo,,,,,,
JAP,1.22.10,Artigo,Unitária,São Paulo (SP),9/30/1977,Impressão,Papel,Folha,,Português,1,1,1f,,Newton Carlos,Autor,,,,,,,Interesse por Política Internacional (Uruguai),,,,,,,,Folha de São Paulo,,,,,,
JAP,1.22.11,Artigo,Unitária,São Paulo (SP),2/15/1978,Impressão,Papel,Folha,,Português,1,1,1f,,Newton Carlos,Autor,,,,,,,Interesse por Política Internacional (Bolívia),,,,,,,,Folha de São Paulo,,,,,,
JAP,1.22.12,Artigo,Unitária,São Paulo (SP),3/10/1982,"Impressão, Impressão (xerox)",Papel,Folha,,Português,1,2,2f,,Newton Carlos,Autor,,,,,,,Interesse por Política Internacional (Guatemala),,,,,,,,Folha de São Paulo,,,,,,
JAP,1.22.13,Artigo,Unitária,São Paulo (SP),5/19/1982,Impressão,Papel,Folha,,Português,1,1,1f,,Newton Carlos,Autor,,,,,,,Interesse por Política Internacional (República Dominicana),,,,,,,,Folha de São Paulo,,,,,,
JAP,1.23.1,Coletânea de artigos,Serial,Nova York (Estados Unidos) ,01/09/1977 - 27/01/1978,Impressão,Papel,Folha,,Português,4,5,4f,,Paulo Francis,Autor,,,,,,,Interesse por Política Internacional (União das Repúblicas Socialistas Soviéticas),,,,,,,,Folha de São Paulo,,,,,,
JAP,1.23.2,Coletânea de artigos,Serial,Frankfurt (Alemanha), Nova York (Estados Unidos), Washington (Estados Unidos) ,02/09/1977 - 09/07/1981,Impressão,Papel,Folha,,Português,9,9,9f,,Paulo Francis,Autor,,,,,,,Interesse por Política Internacional (Estados Unidos da América),,,,,,,,Folha de São Paulo,,,,
JAP,1.24.1,Coletânea de artigos,Serial,Nova York (Estados Unidos),31/08/1977 - 15/02/1978,Impressão,Papel,Folha,,Português,11,11,11f,,Paulo Francis,Autor,,,,,,,Interesse por Política Internacional (Israel),,,,,,,,Folha de São Paulo,,,,,,
JAP,1.24.2,Artigo,Unitária,Nova York (Estados Unidos),9/6/1977,Impressão,Papel,Folha,,Português,1,1,1f,,Paulo Francis,Autor,,,,,,,Interesse por Política Internacional (América Latina),,,,,,,,Folha de São Paulo,,,,,,
JAP,1.24.3,Artigo,Unitária,Nova York (Estados Unidos),10/26/1977,Impressão,Papel,Folha,,Português,1,1,1f,,Paulo Francis,Autor,,,,,,,Interesse por Política Internacional (Arábia Saudita),,,,,,,,Folha de São Paulo,,,,,,
JAP,1.24.4,Artigo,Unitária,Nova York (Estados Unidos),5/27/1981,Impressão,Papel,Folha,,Português,1,1,1f,,Paulo Francis,Autor,,,,,,,Interesse por Política Internacional (Argentina),,,,,,,,Folha de São Paulo,,,,,,
JAP,1.24.5,Artigo,Unitária,Nova York (Estados Unidos),1/4/1978,Impressão,Papel,Folha,,Português,1,1,1f,,Paulo Francis,Autor,,,,,,,Interesse por Política Internacional (Camboja),Interesse por Política Internacional (Vietnã),,,,,,,Folha de São Paulo,,,,,,
JAP,1.24.6,Artigo,Unitária,Nova York (Estados Unidos),3/23/1978,Impressão,Papel,Folha,,Português,1,1,1f,,Paulo Francis,Autor,,,,,,,Interesse por Política Internacional (Etiópia),Interesse por Política Internacional (Somália),,,,,,,Folha de São Paulo,,,,,,
JAP,1.24.7,Artigo,Unitária,Nova York (Estados Unidos),1/15/1978,Impressão,Papel,Folha,,Português,1,1,1f,,Paulo Francis,Autor,,,,,,,Interesse por Política Internacional (Nicarágua),,,,,,,,Folha de São Paulo,,,,,,
JAP,1.24.8,Artigo,Unitária,Nova York (Estados Unidos),9/27/1977,Impressão,Papel,Folha,,Português,1,1,1f,,Paulo Francis,Autor,,,,,,,Interesse por Política Internacional (Panamá),,,,,,,,Folha de São Paulo,,,,,,
JAP,1.24.9,Artigo,Unitária,Belgrado (Sérvia),1/5/1978,Impressão,Papel,Folha,,Português,2,2,2f,,Paulo Francis,Autor,,,,,,,Interesse por Política Internacional ,,,,,,,,Folha de São Paulo,,,,,,
JAP,1.25.1,Artigo,Unitária,São Paulo (SP),12/6/1981,Impressão,Papel,Folha,,Português,1,1,1f,,Júlio Cortázar,Autor,,,,,,,Interesse por Política Internacional (El Salvador),,,,,,,,Folha de São Paulo,Le Monde,,,,,
JAP,1.25.2,Artigo,Unitária,Pequim (China),6/7/1981,Impressão,Papel,Folha,,Português,1,1,1f,,Geraldo Mello Mourão,Autor,,,,,,,Interesse por Política Internacional (Coréia),,,,,,,,Folha de São Paulo,,,,,,
JAP,1.25.3,Artigo,Unitária,Paris (França),6/1/1982,Impressão,Papel,Folha,,Português,1,1,1f,,Cláudio Abramo,Autor,,,,,,,Interesse por Política Internacional (Ilhas Malvinas),,,,,,,,Folha de São Paulo,,,,,,
JAP,1.25.4,Artigo,Unitária,Buenos Aires (Argentina),s.d.,Impressão,Papel,Folha,,Português,1,1,1f,,Clóvis Rossi,Autor,,,,,,,Interesse por Política Internacional (Argentina),,,,,,,,Folha de São Paulo,,,,,,
JAP,1.25.5,Artigo,Unitária,Paris (França),5/19/1982,Impressão,Papel,Folha,,Português,1,1,1f,,Cláudio Abramo,Autor,,,,,,,Interesse por Política Internacional (Europa),,,,,,,,Folha de São Paulo,,,,,,
JAP,1.25.6,Artigo,Unitária,São Paulo (SP),3/28/1982,Impressão,Papel,Folha,,Português,1,1,1f,,Rogério Cezar de Cerqueira Leite,Autor,,,,,,,Interesse por Política Internacional ,,,,,,,,Folha de São Paulo,,,,,,
JAP,1.25.7,Artigo,Unitária,Lisboa (Portugal),9/3/1983,Impressão,Papel,Folha,,Português,1,1,1f,,Zillah Branco ,Autor,,,,,,,Interesse por Política Internacional (Portugal),,,,Militância política,,,,O Diário (Lisboa),,,,,Ver: Cartão de Boas Festas 1.14.18, Artigo 3.2.12
JAP,1.25.8,Entrevista,Unitária,São Paulo (SP),6/22/1987,Impressão (xerox),Papel,Folha,,Português,1,2,1f,,Jovina Álvares Pessoa,Entrevistado,Ricardo Kotscho,Entrevistador,,,,,Militância política,,,,,,,,,,,,,,
JAP,1.25.9,Notícia,Unitária,São Paulo (SP),6/13/1984,"Impressão, Manuscritura",Papel,Folha,,Português,1,1,1f,,Nena Novak,Autor,,,,,,,Premiação,"Premio Girassol, no Rádio Clube, no qual Jovina Álvares Pessoa participa na qualidade de convidada",São Paulo (SP),1984,,,,,Folha da Tarde,,,,,,
JAP,1.25.10,Notícia,Unitária,São Paulo (SP),s.d.,"Impressão, Impressão (xerox)",Papel,Folha,,Português,1,2,1f,,,,,,,,,,Participação em comissão,Comissão feminina em prol da Anistia na Associação Paulista de Imprensa,São Paulo (SP),s.d.,,,,,,,,,,,
JAP,1.25.11,Necrológio,Unitária,São Paulo (SP),9/16/1988,Impressão,Papel,Folha,,Português,1,1,1f,,,,,,,,,,Falecimento,Falecimento de Jovina Álvares Pessoa,São Paulo (SP),9/12/1988,,,,,Voz da Unidade ,,,,,,
JAP,1.26.1,Coletânea de Artigos,Serial,São Paulo (SP),24/02/1982 - 07/03/1982,Impressão,Papel,Folha,,Português,10,10,10f,,Sebastião Nery,Autor,,,,,,,Lançamento de obra,"""Prestes, lutas e autocríticas""",s.l.,1982,,,,,,,,,,,
JAP,1.26.2,Coletânea de Artigos,Serial,São Paulo (SP),01/08/1947 - 25/05/1982,Impressão,Papel,Folha,,Português,10,10,10f,,Aloysio Biondi, Jairo Dias de Carvalho, José Carlos Dias, Sebastião Nery,Autor,,,,,,,,,,,,,,,,,,
JAP,1.27.1,Necrológio,Unitária,São Paulo (SP),7/15/1981,Impressão,Papel,Folha,,Português,1,1,1f,,,,,,,,,,Falecimento,Falecimento de Elias Chaves Neto,São Paulo (SP),Jul-81,,,,,Folha de São Paulo,,,,,,
JAP,1.27.2,Necrológio,Unitária,São Paulo (SP),1/21/1982,Impressão,Papel,Folha,,Português,1,1,1f,,Fernando Henrique Cardoso,Autor,,,,,,,Falecimento,Falecimento de Elis Regina,São Paulo (SP),1/19/1982,,,,,Folha de São Paulo,,,,,,
JAP,1.27.3,Notícia,Unitária,Belo Horizonte (MG),1979,Impressão,Papel,Folha,,Português,1,1,1f,,,,,,,,,,Relacionamento social,,,,,,,,,,,,,,
JAP,1.27.4,Notícia,Unitária,São Paulo (SP),s.d.,Impressão,Papel,Folha,,Português,1,1,1f,,,,,,,,,,Pesquisa científica,"Estudos sobre a vacina contra a Malária, por Ruth e Vitor Nussenzweig",s.l.,s.d.,,,,,O Estado de São Paulo,,,,,,
JAP,1.27.5,Poema,Unitária,s.l.,s.d.,Impressão,Papel,Folha,,Português,1,1,1f,,Vinicius de Moraes,Autor,,,,,,,,,,,,,,,,,,,,,
JAP,1.27.6,Coletânia de Artigos,Serial,São Paulo (SP),3/11/1978,Impressão,Papel,Folha,,Português,3,3,3f,,Oswaldo Mendes, Nogueira Moutinho, Sebastião Neves,Autor,,,,,,,,,,,,,,,,,,,
JAP,1.28.1,Arguição,Unitária,Campo Grande (MS),6/15/1973,Impressão,Papel,Folha,,Português,1,2,41f,,Heleno Fragoso,Autor,,,,,,,Militância política,,,,,,,,,,,,,,
JAP,1.29.1,Livro,Unitária,s.l.,1973,Impressão,Papel,Folha,,Português,1,1,47f,,Carlos Alberto Libânio Christo (Frei Betto),Autor,,,,,,,Relacionamento social,,,,,,,,,,,,,,
JAP,1.30.1,Documento-base,Unitária,Goiânia (GO),5/6/1973,Impressão,Papel,Folha,,Português,1,2,15f,,,,,,,,,,Militância política,,,,,,,,,,,,,,
JAP,1.31.1,Guia turístico,Unitária,China,s.d.,Impressão,Papel,Folha,,Inglês,1,1,,,,,,,,,,,Viagem,Viagem à China e Coréia,China, Coréia,s.d.,,,,,,,,,,
JAP,1.31.2,Coletânea de poemas,Unitária,Recife (PE),Jul-82,Impressão,Papel,Folha,,Português,1,1,9f,,,,,,,,,,Homenagem,Homenagem a Gregório Bezerra,,,,,,,,,,,,,
JAP,1.31.3,Santoral,Unitária,São Paulo (SP),s.d.,Impressão,Papel,Folha,,Português,1,1,9f,,,,,,,,,,Militância política,,,,,,,,Sem Fronteiras ,,,,,,
JAP,1.32.1,Documento-base,Unitária,s.l.,1974,Impressão,Papel,Folha,,Português,1,3,8f,,,,,,,,,,Militância política,,,,,,,,,,,,,,
JAP,2.1.1,Poema,Unitária,São Paulo (SP),s.d.,Impressão,Papel,Folha,,Português,1,1,8f,,Helder Pessoa Câmara (arcebispo) (Dom),Autor,,,,,,,Campanha social,Comissão Justiça e Paz de São Paulo,São Paulo (SP),s.d.,,,,,,,,,,,
JAP,2.1.2,Coletânea de artigos,Serial,São Paulo (SP),15/10/1977 - 24/01/1978,Impressão,Papel,Folha,,Português,5,5,5f,,Newton Carlos,Autor,,,,,,,Interesse por Política Internacional (América Latina),,,,,,,,Folha de São Paulo,,,,,,
JAP,2.1.3,Coletânea de artigos,Serial,São Paulo (SP),01/10/1977 - 14/10/1977,Impressão,Papel,Folha,,Português,3,3,3f,,Newton Carlos,Autor,,,,,,,Interesse por Política Internacional ,,,,,,,,Folha de São Paulo,,,,,,
JAP,2.1.4,Artigo,Unitária,São Paulo (SP),10/21/1977,Impressão,Papel,Folha,,Português,1,1,1f,,Newton Carlos,Autor,,,,,,,Interesse por Política Internacional (Argentina),,,,,,,,Folha de São Paulo,,,,,,
JAP,2.1.5,Artigo,Unitária,São Paulo (SP),1/21/1978,Impressão,Papel,Folha,,Português,1,1,1f,,Newton Carlos,Autor,,,,,,,Interesse por Política Internacional (Portugal),,,,,,,,Folha de São Paulo,,,,,,
JAP,2.1.6,Artigo,Unitária,São Paulo (SP),1/22/1978,Impressão,Papel,Folha,,Português,1,1,1f,,Newton Carlos,Autor,,,,,,,Interesse por Política Internacional (Nicarágua),,,,,,,,Folha de São Paulo,,,,,,
JAP,2.1.7,Artigo,Unitária,São Paulo (SP),9/6/1977,Impressão,Papel,Folha,,Português,1,1,1f,,Newton Carlos,Autor,,,,,,,Interesse por Política Internacional (Inglaterra),,,,,,,,Folha de São Paulo,,,,,,
JAP,2.2.1,Coletânea de artigos,Serial,Belgrado (Sérvia), Nova York (Estados Unidos),09/10/1977 - 14/02/1978,Impressão,Papel,Folha,,Português,6,6,6f,,Paulo Francis,Autor,,,,,,,Interesse por Política Internacional ,,,,,,,,Folha de São Paulo,,,,,
JAP,2.2.2,Coletânea de artigos,Serial,Nova York (Estados Unidos),16/09/1977 - 18/02/1978,Impressão,Papel,Folha,,Português,7,7,7f,,Paulo Francis,Autor,,,,,,,Interesse por Política Internacional (Estados Unidos da América),,,,,,,,Folha de São Paulo,,,,,,
JAP,2.3.1,Coletânea de artigos,Serial,Nova York (Estados Unidos),22/08/1977 - 29/01/1978,Impressão,Papel,Folha,,Português,3,3,3f,,Paulo Francis,Autor,,,,,,,Interesse por Política Internacional (União das Repúblicas Socialistas Soviéticas),,,,,,,,Folha de São Paulo,,,,,,
JAP,2.3.2,Coletânea de artigos,Serial,Nova York (Estados Unidos),18/09/1977 - 20/10/1977,Impressão,Papel,Folha,,Português,2,2,2f,,Paulo Francis,Autor,,,,,,,Interesse por Política Internacional (República Federativa da Alemanha),,,,,,,,Folha de São Paulo,,,,,,
JAP,2.3.3,Coletânea de artigos,Serial,Nova York (Estados Unidos),31/08/1977 - 17/02/1978,Impressão,Papel,Folha,,Português,2,2,2f,,Paulo Francis,Autor,,,,,,,Interesse por Política Internacional (China),,,,,,,,Folha de São Paulo,,,,,,
JAP,2.3.4,Artigo,Unitária,Nova York (Estados Unidos),5/4/1982,Impressão,Papel,Folha,,Português,1,1,1f,,Paulo Francis,Autor,,,,,,,Interesse por Política Internacional (América Latina),,,,,,,,Folha de São Paulo,,,,,,
JAP,2.3.5,Artigo,Unitária,Nova York (Estados Unidos),2/22/1978,Impressão,Papel,Folha,,Português,1,1,1f,,Paulo Francis,Autor,,,,,,,Interesse por Política Internacional (Panamá),,,,,,,,Folha de São Paulo,,,,,,
JAP,2.3.6,Artigo,Unitária,Nova York (Estados Unidos),1/10/1978,Impressão,Papel,Folha,,Português,1,1,1f,,Paulo Francis,Autor,,,,,,,Interesse por Política Internacional (Camboja),,,,,,,,Folha de São Paulo,,,,,,
JAP,2.3.7,Artigo,Unitária,Madri (Espanha),10/19/1977,Impressão,Papel,Folha,,Português,1,1,1f,,Paulo Francis,Autor,,,,,,,Interesse por Política Internacional (Espanha),,,,,,,,Folha de São Paulo,,,,,,
JAP,2.3.8,Artigo,Unitária,Nova York (Estados Unidos),2/4/1978,Impressão,Papel,Folha,,Português,1,1,1f,,Paulo Francis,Autor,,,,,,,Interesse por Política Internacional (Israel),,,,,,,,Folha de São Paulo,,,,,,
JAP,2.3.9,Necrológio,Unitária,Lisboa (Portugal),9/15/1988,Impressão,Papel,Folha,,Português,1,1,1f,,,,,,,,,,Falecimento,Falecimento de Jovina Álvares Pessoa,São Paulo (SP),  12/09/1988,,,,,O Diário (Lisboa),,,,,,
JAP,2.3.10,Necrológio,Unitária,São Paulo (SP),Oct-88,Impressão,Papel,Folha,,Português,1,1,1f,,Carlos Alberto Libânio Christo (Frei Betto),Autor,,,,,,,Falecimento,Falecimento de Jovina Álvares Pessoa,São Paulo (SP),  12/09/1988,,,,,Jornal do PT,,,,,,
JAP,2.4.1,Entrevista,Unitária,São Paulo (SP),Aug-87,Impressão,Papel,Folha,,Português,1,1,2f,,Jovina Álvares Pessoa,Entrevistado,Ricardo Kotscho,Entrevistador,,,,,Militância política,,,,,,,,Família Cristã ,,,,,,
JAP,2.5.1,Artigo,Unitária,São Paulo (SP),9/30/1978,Impressão,Papel,Folha,,Português,1,1,1f,,Osmar Freitas Júnior,Autor,,,,,,,Homenagem,"Homenagem a Sérgio Porto, por ocasião do 10º aniversário de seu falecimento",São Paulo (SP),1978,Aniversário,10º aniversário do falecimento de Sérgio Porto,Rio de Janeiro (RJ),1978,Folha de São Paulo,,,,,,
JAP,2.5.2,Artigo,Unitária,s.l.,1978,"Impressão, Impressão (xerox)",Papel,Folha,,Português,2,1,2f,,Carlos Gentile de Mello,Autor,,,,,,,Homenagem,Homenagem a Samuel Barnsley Pessoa durante o Congresso da Sociedade Brasileira de Medicina Tropical (14º),João Pessoa (PB),19/02/1978-23/02/1978,Congresso,Congresso da Sociedade Brasileira de Medicina Tropical (14º),João Pessoa (PB),19-23/02/1978,,,,,,,
JAP,2.5.3,Notícia,Unitária,Belo Horizonte (MG),9/11/1982,"Impressão, Impressão (xerox)",Papel,Folha,,Português,1,2,2f,,Luis Michalick,Autor,,,,,,,Descoberta científica,Criação da vacina contra a Leishmaniose,Belo Horizonte (MG),1982,,,,,,,,,,,
JAP,2.5.4,Notícias,Serial,São Paulo (SP),23/03/1978 - 30/03/1978,Impressão (xerox),Papel,Folha,,Português,5,5,3f,,Carlos Gentile de Mello,Autor,,,,,,,Lançamento de obra,Ensaios Médico-Sociais (2º edição),São Paulo (SP),3/30/1978,,,,,Folha de São Paulo,O Estado de São Paulo,Movimento,Diário da Noite,,,
JAP,2.5.5,Notícias,Serial,"Recife (PE), Salvador (BA)",04/05/1978-05/05/1978,Impressão (xerox),Papel,Folha,,Português,4,5,5f,,,,,,,,,,Lançamento de obra,Ensaios Médico-Sociais (2º edição),Salvador (BA),  05/05/1978,,,,,Jornal da Bahia,Tribuna da Bahia,,A Tarde,,,
JAP,2.5.6,Notícias,Serial,Fortaleza (CE),17/05/1978-18/05/1978,Impressão (xerox),Papel,Folha,,Português,2,3,4f,,,,,,,,,,Lançamento de obra,Ensaios Médico-Sociais (2º edição),Fortaleza (CE),  17/05/1978,,,,,O Povo ,,,,,,
JAP,2.5.7,Coletânea de artigos,Serial,São Paulo (SP),10/06/1978-15/06/1978,Impressão (xerox),Papel,Folha,,Português,2,2,2f,,Demócrito Moura,Autor,Eduardo Maffei,Autor,,,,,Lançamento de obra,Ensaios Médico-Sociais (2º edição),São Paulo (SP),3/30/1978,,,,,Folha de São Paulo,Jornal da Tarde,,,,,
JAP,3.1.1,Cartaz de divulgação,Unitária,São Paulo (SP),1984,Impressão,Papel,Folha,,Português,1,1,1f,,,,,,,,,,Exposição,"""Pintura"", na qual participou Nuno Álvares Pessoa de Almeida Ramos Ramos",São Paulo (SP),13/08/1984-09/09/1984,,,,,Secretaria Municipal de Cultura de São Paulo,,,,,,
JAP,3.1.2,Cartaz de divulgação,Unitária,Curitiba (PR),1983,Impressão,Papel,Folha,,Português,1,1,1f,,,,,,,,,,Premiação,"Prêmio Samuel Pessoa, promovido pelo Diretório Nilo Cairo da Faculdade de Medicina da Universidade Federal do Paraná",Curitiba (PR),1983,Concurso,"Concurso de monografias sobre Medicina Preventiva, promovida pelo Diretório Acadêmico Nilo Cairo (Faculdade de Medicina da Universidade Federal do Paraná)",Curitiba (PR),1983,Universidade Federal do Paraná,,,,,,
JAP,3.1.3,Coletânea de artigos,Serial,São Paulo (SP),25/01/1981 - 04/04/1981,Impressão,Papel,Folha,,Português,2,2,2f,,Newton Carlos,Autor,,,,,,,Interesse por Política Internacional (El Salvador),,,,,,,,Folha de São Paulo,,,,,,
JAP,3.1.4,Coletânea de artigos,Serial,São Paulo (SP),8/17/1980,Impressão,Papel,Folha,,Português,2,2,2f,,Newton Carlos,Autor,,,,,,,Interesse por Política Internacional (América Latina),,,,,,,,Folha de São Paulo,,,,,,
JAP,3.1.5,Artigo,Unitária,São Paulo (SP),10/8/1977,Impressão,Papel,Folha,,Português,1,1,1f,,Newton Carlos,Autor,,,,,,,Interesse por Política Internacional,,,,,,,,Folha de São Paulo,,,,,,
JAP,3.1.6,Artigo,Unitária,São Paulo (SP),11/14/1977,Impressão,Papel,Folha,,Português,1,1,1f,,Newton Carlos,Autor,,,,,,,Interesse por Política Internacional (Cuba),,,,,,,,Folha de São Paulo,,,,,,
JAP,3.1.7,Artigo,Unitária,São Paulo (SP),1/21/1977,Impressão,Papel,Folha,,Português,1,1,1f,,Newton Carlos,Autor,,,,,,,Interesse por Política Internacional (Haiti),,,,,,,,Folha de São Paulo,,,,,,
JAP,3.1.8,Artigo,Unitária,São Paulo (SP),2/18/1978,Impressão,Papel,Folha,,Português,1,1,1f,,Newton Carlos,Autor,,,,,,,Interesse por Política Internacional (Europa),,,,,,,,Folha de São Paulo,,,,,,
JAP,3.1.9,Artigo,Unitária,São Paulo (SP),8/30/1977,Impressão,Papel,Folha,,Português,1,1,1f,,Newton Carlos,Autor,,,,,,,Interesse por Política Internacional (Chile),,,,,,,,Folha de São Paulo,,,,,,
JAP,3.1.10,Artigo,Unitária,São Paulo (SP),12/24/1977,Impressão,Papel,Folha,,Português,1,1,1f,,Newton Carlos,Autor,,,,,,,Interesse por Política Internacional (Argentina),,,,,,,,Folha de São Paulo,,,,,,
JAP,3.2.1,Coletânea de artigos,Serial,Nova York (Estados Unidos),10/01/1978 - 01/02/1978,Impressão,Papel,Folha,,Português,4,4,4f,,Paulo Francis,Autor,,,,,,,Interesse por Política Internacional (Israel),,,,,,,,Folha de São Paulo,,,,,,
JAP,3.2.2,Coletânea de artigos,Serial,Nova York (Estados Unidos),10/09/1977 - 09/04/1978,Impressão,Papel,Folha,,Português,11,11,11f,,Paulo Francis,Autor,,,,,,,Interesse por Política Internacional (Estados Unidos da América),,,,,,,,Folha de São Paulo,,,,,,
JAP,3.2.3,Artigo,Unitária,Nova York (Estados Unidos),2/24/1978,Impressão,Papel,Folha,,Português,1,1,1f,,Paulo Francis,Autor,,,,,,,Interesse por Política Internacional (Chile),,,,Interesse por Política internacional (Nicarágua),,,,Folha de São Paulo,,,,,,
JAP,3.2.4,Artigo,Unitária,Nova York (Estados Unidos),1/22/1978,Impressão,Papel,Folha,,Português,1,1,1f,,Paulo Francis,Autor,,,,,,,Interesse por Política Internacional (Europa),,,,,,,,Folha de São Paulo,,,,,,
JAP,3.2.5,Artigo,Unitária,Nova York (Estados Unidos),10/14/1977,Impressão,Papel,Folha,,Português,1,1,1f,,Paulo Francis,Autor,,,,,,,Interesse por Política Internacional,,,,,,,,Folha de São Paulo,,,,,,
JAP,3.2.6,Artigo,Unitária,Nova York (Estados Unidos),8/17/1980,Impressão,Papel,Folha,,Português,1,1,1f,,Paulo Francis,Autor,,,,,,,Interesse por Política Internacional (Argentina),,,,,,,,Folha de São Paulo,,,,,,
JAP,3.2.7,Notícia,Unitária,Maputo (Moçambique),3/29/1982,Impressão,Papel,Folha,,Português,1,1,1f,,Jean-Pierre Langelier,Autor,,,,,,,Interesse por Política Internacional (Moçambique),,,,,,,,Folha de São Paulo,Le Monde Diplomatique,,,,,
JAP,3.2.8,Entrevista,Unitária,São Paulo (SP),10/30/1977,Impressão,Papel,Folha,,Português,1,1,1f,,Steve Biko,Entrevistado,John Platter,Entrevistador,,,,,Interesse por Política Internacional (África do Sul),,,,,,,,Folha de São Paulo,,,,,,
JAP,3.2.9,Artigo,Unitária,Londres (Inglaterra),s.d.,Impressão,Papel,Folha,,Português,1,1,1f,,Claudio Abramo,Autor,,,,,,,Interesse por Política Internacional (Polônia),,,,,,,,Folha de São Paulo,,,,,,
JAP,3.2.10,Artigo,Unitária,Paris (França),2/14/1982,Impressão,Papel,Folha,,Português,1,1,1f,,Claudio Abramo,Autor,,,,,,,Interesse por Política Internacional (El Salvador),,,,,,,,Folha de São Paulo,,,,,,
JAP,3.2.11,Carta Aberta,Unitária,Riobamba (Equador),2/14/1982,Impressão,Papel,Folha,,Português,1,1,1f,,,,,,,,,,Interesse por Política Internacional (América Latina),,,,,,,,O São Paulo,,,,,,
JAP,3.2.12,Artigo,Unitária,Lisboa (Portugal),5/19/1983,Impressão,Papel,Folha,,Português,1,1,1f,,Zillah Branco ,Autor,,,,,,,Interesse por Política Internacional (Portugal),,,,Militância política,,,,O Diário,,,,,Ver: Carta 1.14.18, Artigo 1.25.7
JAP,3.3.1,Notícias,Serial,Paraguai,22/11/1981 - 25/11/1981,Impressão,Papel,Folha,,Português,4,4,4f,,Luiz Salgado Ribeiro,Autor,,,,,,,Interesse por Política Internacional (Paraguai),,,,,,,,Folha de São Paulo,,,,,,
JAP,3.3.2,Notícia,Unitária,Cidade da Guatemala (Guatemala),3/14/1982,Impressão,Papel,Folha,,Português,1,1,1f,,Clóvis Rossi,Autor,,,,,,,Interesse por Política Internacional (Guatemala),,,,,,,,Folha de São Paulo,,,,,,
JAP,3.3.3,Notícia,Unitária,Washington (Estados Unidos),3/1/1981,Impressão,Papel,Folha,,Português,1,1,1f,,,,,,,,,,Interesse por Política Internacional (El Salvador),,,,,,,,Folha de São Paulo,,,,,,
JAP,3.3.4,Entrevista,Unitária,Paris (França),9/16/1979,Impressão,Papel,Folha,,Português,1,1,1f,,Raúl Laguzzi,Entrevistado,J. B. Natali,Entrevistador,,,,,Interesse por Política Internacional (Argentina),,,,,,,,Folha de São Paulo,,,,,,
JAP,3.3.5,Jornal,Unitária,São Paulo (SP),16/07/1987 - 23/07/1987,Impressão,Papel,Folha,,Português,1,1,5f,,,,,,,,,,Militância política,,,,,,,,Voz da Unidade,,,,,,
JAP,3.4.1,Coletânea de Jornais,Serial,Manágua (Nicarágua),03/10/1983 - 24/10/1983,Impressão,Papel,Folha,,Espanhol,4,4,13f,,,,,,,,,,Interesse por Política Internacional (Nicarágua),,,,,,,,Barricada Internacional,,,,,,
JAP,3.5.1,Coletânea de artigos,Serial,Paris (França), São Paulo (SP),12/09/1976 - 13/11/1984,Impressão,Papel,Folha,,Português,5,5,7f,,J. B. Natali,Autor,Moacir Werneck de Castro,Autor,Ernâni Silva Bruno,Autor,,,,,,,,,,,Folha de São Paulo,O Estado de São Paulo,,,,
JAP,3.5.2,Coletânea de Poemas,Serial,São Paulo (SP),10/06/1978 - 04/01/1981,Impressão,Papel,Folha,,Português,2,2,2f,,Carlos Drummond de Andrade,Autor,,,,,,,,,,,,,,,,,,,,,
JAP,3.5.3,Crônica,Unitária,s.l.,1/14/1977,Impressão,Papel,Folha,,Português,1,1,1f,,Lourenço Diaféria,Autor,,,,,,,,,,,,,,,,,,,,,
JAP,3.5.4,Jornal,Unitária,São Paulo (SP),Sep-55,Impressão,Papel,Folha,,Português,1,1,1f,,,,,,,,,,Homenagem,Homenagem a Samuel Barnsley Pessoa,,,,,,,O Bisturi,Centro Acadêmico Oswaldo Cruz,,,,,
JAP,3.5.5,Entrevista,Unitária,São Paulo (SP),3/31/1978,Impressão,Papel,Folha,,Português,1,2,1f,,Jovina Álvares Pessoa,Entrevistado,Sérgio Gomes,Entrevistador,,,,,Lançamento de obra,Ensaios Médico-Sociais (2º edição),,,,,,,Folha de São Paulo,,,,,,
JAP,3.5.6,Necrológio,Unitária,Porto (Portugal),9/15/1988,Impressão,Papel,Folha,,Português,1,1,1f,,,,,,,,,,Falecimento,Falecimento de Jovina Álvares Pessoa,São Paulo (SP),9/12/1988,,,,,O Diário ,,,,,,
JAP,3.5.7,Entrevista,Unitária,São Paulo (SP),8/12/1979,Impressão,Papel,Folha,,Português,1,1,1f,,Osório César ,Entrevistado,Luiz Ernesto Kawall,Entrevistador,,,,,Militância política,,,,,,,,,,,,,,
JAP,3.5.8,Notícia,Unitária,Belo Horizonte (MG),11/12/1984,Impressão,Papel,Folha,,Português,1,1,1f,,,,,,,,,,Descoberta científica,"Descoberta da vacina contra a Leishmaniose, por Wilson Maryrink",Belo Horizonte (MG),11/12/1984,,,,,O Globo,,,,,,
JAP,3.5.9,Entrevista,Unitária,São Paulo (SP),4/15/1982,Impressão,Papel,Folha,,Português,1,1,1f,,Cora Coralina ,Entrevistado,Antonio Gonçalves Filho,Entrevistador,,,,,,,,,,,,,Folha de São Paulo,,,,,,
JAP,3.5.10,Necrológio,Unitária,São Paulo (SP),2/24/1981,Impressão,Papel,Folha,,Português,1,1,1f,,Adriano Murgel Branco,Autor,,,,,,,Falecimento,Falecimento de Marcus Pereira,s.l,s.d.,,,,,Folha de São Paulo,,,,,,
JAP,3.6.1,Coletânea de artigos,Serial,São Paulo (SP),26/08/1979 - 27/05/1982,Impressão,Papel,Folha,,Português,8,9,10f,,,,,,,,,,Interesse por Política Nacional,,,,,,,,Folha de São Paulo,,,,,,
JAP,3.6.2,Reportagem,Serial,São Paulo (SP),21/03/1976 - 11/03/1982,"Impressão, Impressão (xerox)",Papel,Folha,,Português,3,3,4f,,Luiz Padovani,Autor,Pedro de Souza,Autor,,,,,Interesse por Política Nacional,,,,,,,,Folha de São Paulo,,,,,,
JAP,3.6.3,Carta Aberta,Unitária,São Paulo (SP),3/8/1970,Impressão,Papel,Folha,,Português,1,1,1f,,Júlio de Mesquita Neto,Autor,,,,,,,Interesse por Política Nacional,,,,,,,,O Estado de São Paulo,,,,,,
JAP,3.6.4,Entrevista,Unitária,São Paulo (SP),3/28/1982,Impressão,Papel,Folha,,Português,1,1,1f,,Miguel Arraes,Entrevistado,Mauro Satayana,Entrevistador,,,,,Interesse por Política Nacional,,,,,,,,Folha de São Paulo,,,,,,
JAP,3.6.5,Entrevista,Unitária,São Paulo (SP),7/2/1978,Impressão,Papel,Folha,,Português,1,1,1f,,Luís Carlos Prestes,Entrevistado,,,,,,,Interesse por Política Nacional,,,,,,,,O Estado de São Paulo,,,,,,
JAP,3.6.6,Entrevista,Unitária,São Paulo (SP),5/27/1982,Impressão,Papel,Folha,,Português,1,1,1f,,Maria da Conceição Tavares,Entrevistado,,,,,,,Interesse por Política Nacional,,,,,,,,Folha de São Paulo,,,,,,
JAP,3.7.1,Jornal,Unitária,São Paulo (SP),Feb-82,Impressão,Papel,Folha,,Português,1,1,1f,,,,,,,,,,Interesse por Política Nacional,,,,,,,,Unidade Democrática da União Brasileira dos Estudantes,,,,,,
JAP,3.7.2,Carta Aberta ,Unitária,Porto Alegre (RS),11/24/1976,Impressão,Papel,Folha,,Português,1,1,1f,,Conselho Nacional dos Bispos Brasileiros,Autor,,,,,,,Interesse por Política Nacional,,,,,,,,O Estado de São Paulo,,,,,,
JAP,3.7.3,Artigo,Unitária,São Paulo (SP),s.d.,Impressão,Papel,Folha,,Português,1,1,1f,,Paulo Evaristo Arns (cardeal),,,,,,,,Interesse por Política Nacional,,,,,,,,Folha de São Paulo,,,,,,
JAP,3.7.4,Reportagem,Unitária,São Paulo (SP),3/5/1982,Impressão,Papel,Folha,,Português,1,1,1f,,Pedro de Souza,Autor,,,,,,,Interesse por Política Nacional,,,,,,,,O São Paulo,,,,,,
JAP,3.7.5,Entrevista,Unitária,São Paulo (SP),3/5/1982,"Impressão, Impressão (xerox)",Papel,Folha,,Português,1,2,1f,,Helder Pessoa Câmara (arcebispo),Entrevistado,,,,,,,Interesse por Política Nacional,,,,,,,,Folha de São Paulo,,,,,,
JAP,3.7.6,Entrevista,Unitária,São Paulo (SP),8/10/1980,"Impressão, Impressão (xerox)",Papel,Folha,,Português,1,1,1f,,Antonio Candido,Entrevistado,Paulo Mayr Cerqueira,Entrevistador,,,,,Interesse por Política Nacional,,,,,,,,Folha de São Paulo,,,,,,
JAP,3.7.7,Carta Aberta ,Unitária,São Paulo (SP),8/29/1981,"Impressão, Impressão (xerox)",Papel,Folha,,Português,1,1,1f,,Conselho Nacional dos Bispos Brasileiros,Autor,,,,,,,Interesse por Política Nacional,,,,,,,,Folha de São Paulo,,,,,,
JAP,3.7.8,Reportagem,Unitária,Rio de Janeiro (RJ),02/04/1978 - 06/04/1978,"Impressão, Impressão (xerox)",Papel,Folha,,Português,4,4,4f,,João Luiz Faria Neto,Autor,,,,,,,Interesse por Política Nacional,,,,,,,,Jornal do Brasil,,,,,,
JAP,3.8.1,Jornal,Unitária,Londrina (PR),Dec-75,"Impressão, Impressão (xerox)",Papel,Folha,,Português,1,2,4f,,,,,,,,,,Interesse por Política Nacional,,,,,,,,Brasil Mulher,,,,,,
JAP,3.9.1,Jornal,Unitária,São Paulo (SP),6/28/1979,"Impressão, Impressão (xerox)",Papel,Folha,,Português,1,1,4f,,,,,,,,,,Interesse por Política Nacional,,,,,,,,Folha de São Paulo,,,,,,
JAP,4.1.1,Retrato,Unitária,s.l.,s.d.,Fotografia,Papel emulsionado,Folha,Preto e branco,,1,1,1f,,,,,,,,,,Relacionamento familiar,,,,,,,,,,,,,,
JAP,4.1.2,Retrato,Unitária,s.l.,s.d.,Fotografia,Papel emulsionado,Folha,Preto e branco,,1,1,1f,,,,,,,,,,,,,,,,,,,,,,,,
JAP,4.1.3,Retrato,Unitária,s.l.,s.d.,Fotografia,Papel emulsionado,Folha,Preto e branco,,1,1,1f,,,,,,,,,,Relacionamento familiar,,,,,,,,,,,,,,
JAP,4.1.4,Retrato,Unitária,s.l.,s.d.,Fotografia,Papel emulsionado,Folha,Preto e branco,,1,1,1f,,,,,,,,,,Relacionamento familiar,,,,,,,,,,,,,,
JAP,4.1.5,Reportagem fotográfica,Serial,s.l.,s.d.,Fotografia,Papel emulsionado,Folha,Preto e branco,,4,1,4f,,,,,,,,,,Relacionamento familiar,,,,,,,,,,,,,,
JAP,4.2.1,Reportagem fotográfica,Unitária,Vassouras (RJ),1/31/1949,Fotografia,Papel emulsionado,Folha,Preto e branco,,1,1,1f,,,,,,,,,,Relacionamento social,,,,,,,,,,,,,,
JAP,4.2.2,Retrato,Unitária,s.l.,s.d.,Fotografia,Papel emulsionado,Folha,Preto e branco,,1,1,1f,,,,,,,,,,Relacionamento familiar,,,,,,,,,,,,,,
JAP,4.2.3,Reportagem fotográfica,Unitária,São Paulo (SP),5/31/1977,Fotografia,Papel emulsionado,Folha,Preto e branco,,1,1,1f,,,,,,,,,,Inauguração,"Descerramento do retrato de Samuel Barnsley Pessoa, na Faculdade de Medicina da Universidade de São Paulo ",São Paulo (SP),5/31/1977,,,,,,,,,,,
JAP,4.2.4,Retrato,Unitária,s.l.,s.d.,Fotografia,Papel emulsionado,Folha,Preto e branco,,1,1,1f,,,,,,,,,,Relacionamento familiar,,,,,,,,,,,,,,
JAP,4.2.5,Retrato,Unitária,Florianópolis (SC),6/5/1961,Fotografia,Papel emulsionado,Folha,Preto e branco,,1,1,1f,,,,,,,,,,Relacionamento social,,,,,,,,,,,,,,
JAP,4.3.1,Retrato,Unitária,Ribeirão Preto (SP),s.d.,Fotografia,Papel emulsionado,Folha,Preto e branco,,1,1,1f,,Passig e Fréderick,Fotógrafo,,,,,,,Relacionamento social,,,,,,,,,,,,,,
JAP,4.3.2,Cartão postal,Unitária,Rio de Janeiro (RJ),2/1/1920,Fotografia,Papel emulsionado,Folha,Preto e branco,,1,1,1f,,,,,,,,,,Relacionamento social,,,,,,,,,,,,,,
JAP,4.3.3,Retrato,Unitária,s.l.,s.d.,Fotografia,Papel emulsionado,Folha,Preto e branco,,1,1,1f,,,,,,,,,,Relacionamento social,,,,,,,,,,,,,,
JAP,4.3.4,Cartão postal,Unitária,s.l.,1/1/1920,Fotografia,Papel emulsionado,Folha,Preto e branco,,1,1,1f,,Otto Rudolf Quaas,Fotógrafo,,,,,,,Relacionamento social,,,,,,,,,Noemi Álvares,,,,,
JAP,4.3.5,Retrato,Unitária,Itapira (SP),s.d.,Fotografia,Papel emulsionado,Folha,Preto e branco,,1,1,1f,,Bartholomeu T. Parracino ,Fotógrafo,,,,,,,Relacionamento social,,,,,,,,,,,,,,
JAP,4.4.1,Retrato,Unitária,s.l.,7/1/1964,Fotografia,Papel emulsionado,Folha,Preto e branco,,1,1,1f,,,,,,,,,,,,,,,,,,,,,,,,
JAP,4.4.2,Retrato,Unitária,Toledo (Espanha),1952,Fotografia,Papel emulsionado,Folha,Preto e branco,,1,1,1f,,,,,,,,,,Viagem,Viagem a Toledo (Espanha),Toledo (Espanha),1952,,,,,,,,,,,
JAP,4.4.3,Pintura artística,Unitária,s.l.,1974,Pintura,Papel,Folha,Preto e branco,,1,1,1f,,Yoshiya Takaoka,Autor,,,,,,,,,,,,,,,,,,,,,
JAP,4.4.4,Pintura artística,Unitária,s.l.,s.d.,Pintura,Papel,Folha,Colorido,,1,1,1f,,Jovina Álvares Pessoa,Autor,,,,,,,,,,,,,,,,,,,,,
JAP,4.4.5,Retrato,Unitária,s.l.,s.d.,Fotografia,Papel emulsionado,Folha,Preto e branco,,1,1,1f,,,,,,,,,,Relacionamento social,,,,,,,,,,,,,,
JAP,4.5.1,Retrato,Unitária,São Paulo (SP),6/29/1982,Fotografia,Papel emulsionado,Folha,Preto e branco,,1,1,1f,,,,,,,,,,Relacionamento social,,,,,,,,,,,,,,
JAP,4.5.2,Santinho Fúnebre,Unitária,s.l.,s.d.,Fotografia,Papel emulsionado,Folha,Preto e branco,,1,1,1f,,,,,,,,,,Culto religioso,Missa do traslado dos restos mortais de Frei Tito de Alencar Lima,Fortaleza (CE),3/26/1983,,,,,,,,,,,
JAP,4.5.3,Retrato,Unitária,Ribeirão Preto (SP),10/5/1902,Fotografia,Papel emulsionado,Folha,Preto e branco,,1,1,1f,,Passig e Comp.,Fotógrafo,,,,,,,Relacionamento social,,,,,,,,,Francisco Bento,,,,,
JAP,4.5.4,Retrato,Unitária,Campinas (SP),s.d.,Fotografia,Papel emulsionado,Folha,Preto e branco,,1,1,1f,,Sophian Niebler,Fotógrafo,,,,,,,Relacionamento social,,,,,,,,,,,,,,
JAP,4.5.5,Retrato,Unitária,s.l.,s.d.,Fotografia,Papel emulsionado,Folha,Preto e branco,,1,1,1f,,,,,,,,,,Relacionamento social,,,,,,,,,,,,,,
JAP,4.5.6,Retrato,Unitária,s.l.,s.d.,Fotografia,Papel emulsionado,Folha,Colorido,,1,1,1f,,,,,,,,,,,,,,,,,,,,,,,,
JAP,4.6.1,Retrato,Unitária,s.l.,s.d.,Fotografia,Papel emulsionado,Folha,Preto e branco,,1,1,1f,,,,,,,,,,Relacionamento social,,,,,,,,,,,,,,
JAP,4.6.2,Retrato,Unitária,s.l.,s.d.,Fotografia,Papel emulsionado,Folha,Preto e branco,,1,1,1f,,,,,,,,,,Relacionamento social,,,,,,,,,,,,,,
JAP,4.6.3,Pintura artística (reprodução),Unitária,s.l.,s.d.,Fotografia,Papel emulsionado,Folha,Preto e branco,,1,1,1f,,,,,,,,,,Relacionamento familiar,,,,,,,,,,,,,,
JAP,4.6.4,Retrato,Unitária,São Paulo (SP),s.d.,Fotografia,Papel,Folha,Preto e branco,,1,1,1f,,,,,,,,,,Relacionamento social,,,,,,,,,,,,,,
JAP,4.6.5,Retrato,Unitária,s.l.,s.d.,Fotografia,Papel emulsionado,Folha,Preto e branco,,1,1,1f,,José Bento Renato Monteiro Lobato,Signatário,,,,,,,Relacionamento social,,,,,,,,,,,,,,
JAP,4.7.1,Santinho,Unitária,s.l.,s.d.,Fotografia,Papel emulsionado,Folha,Preto e branco,,1,1,1f,,,,,,,,,,Relacionamento social,,,,,,,,,,,,,,
JAP,4.7.2,Retrato,Unitária,s.l.,s.d.,Fotografia,Papel emulsionado,Folha,Preto e branco,,1,1,1f,,,,,,,,,,Relacionamento social,,,,,,,,,,,,,,
JAP,4.7.3,Retrato,Unitária,s.l.,s.d.,Fotografia,Papel emulsionado,Folha,Preto e branco,,1,1,1f,,,,,,,,,,Relacionamento social,,,,,,,,,,,,,,
JAP,4.7.4,Retrato,Unitária,s.l.,s.d.,Fotografia,Papel emulsionado,Folha,Preto e branco,,1,1,1f,,,,,,,,,,Relacionamento social,,,,,,,,,,,,,,
JAP,4.7.5,Retrato,Unitária,s.l.,s.d.,Fotografia,Papel emulsionado,Folha,Preto e branco,,1,1,1f,,,,,,,,,,Relacionamento social,,,,,,,,,,,,,,
JAP,4.7.6,Retrato,Unitária,s.l.,s.d.,Fotografia,Papel emulsionado,Folha,Preto e branco,,1,1,1f,,,,,,,,,,Relacionamento social,,,,,,,,,,,,,,
JAP,4.8.1,Reportagem fotográfica,Unitária,Brasília (DF),1977,Fotografia,Papel emulsionado,Folha,Preto e branco,,1,1,1f,,,,,,,,,,Congresso,Congresso da Sociedade Brasileira de Parasitologia (2º),Brasília (DF),27/02/1977-03/03/1977,Congresso,Congresso da Sociedade Brasileira de Medicina Tropical (13º),Brasília (DF),27/02 a 03/03/1977,,,,,,,
JAP,4.8.2,Reportagem fotográfica,Serial,São Paulo (SP),9/29/1979,Fotografia,Papel emulsionado,Folha,Preto e branco,,2,1,2f,,,,,,,,,,Comemoração,"Recepção aos sindicalistas que voltaram do exílio, no Sindicato dos Aeroviários",São Paulo (SP),9/29/1979,,,,,,Luiz Tenório de Lima,Gregório Bezerra,Hércules Correia dos Reis,,,
JAP,4.8.3,Retrato,Unitária,s.l.,s.d.,Fotografia,Papel emulsionado,Folha,Preto e branco,,1,1,1f,,,,,,,,,,Viagem ,Viagem de núpcias à Europa,s.l.,1927-1928,,,,,,,,,,,
JAP,4.8.4,Retrato,Unitária,s.l.,s.d.,Fotografia,Papel emulsionado,Folha,Preto e branco,,1,1,1f,,,,,,,,,,,,,,,,,,,Renscença (periódico),,,,,
JAP,7.1.1,Livro,Unitária,Curitiba (PR),1985,Impressão,Papel,Livro,,Português,1,1,77f,153p,,,,,,,,,Concurso,"Concurso de monografias sobre Medicina Preventiva, promovida pelo Diretório Acadêmico Nilo Cairo (Faculdade de Medicina da Universidade Federal do Paraná)",Curitiba (PR),1983,Lançamento de obra,Publicação dos trabalhos premiados no Concurso Samuel Pessoa de Medicina Preventiva e Saúde Pública,Curitiba (PR),1983,,,,,"PRÊMIO Samuel Pessoa 1983. Monografias sobre medicina preventiva e saúde pública: trabalhos premiados. Curitiiba, Universidade Federal do Paraná, s.d. ",Ver: cartão de encaminhamento: 1.1.9,
JAP,7.1.2,Álbum de gravuras,Unitária,China,s.d.,Impressão,Papel,Livro,,Chinês,1,1,13f,,,,,,,,,,Viagem,Viagem à China e à Coréia,China, Coréia,s.d.,,,,,,,,,,
JAP,7.1.3,Diário de Viagem,Unitária,China,1958,Manuscritura,Papel,Livro,,"Chinês, Português",1,1,180f,,,,,,,,,,Viagem,Viagem à China e à Coréia,China, Coréia,s.d.,,,,,,,,,,
JAP,7.1.4,Roteiro Litúrgico,Unitária,Araxá (MG),1972,Impressão,Papel,Livro,,Português,1,2,25f,51p,Carlos Alberto Libânio Christo (Frei Betto),Autor,,,,,,,Culto religioso,"Novena da Festa de São Domingos, Padroeiro de Araxá",Araxá (MG),1972,Relacionamento social,,,,,,,,"CHRISTO, Carlos Alberto Libânio. Novena da Festa de São Domingos, Padroeiro de Araxá, 1972. ",,
JAP,7.1.5,Livro,Unitária,São Paulo (SP),1979,Impressão,Papel,Livro,,Português,1,1,1184f,468p,,,,,,,,,Conferência,Conferência Geral do Episcopado da América Latina (3ª),Puebla de Los Angeles (México),27/01/1979-13/02/1979,,,,,,,,,"EVANGELIZAÇÃO no presente e no futuro da América Latina. São Paulo: Edições Paulinas, 1979.",,
JAP,7.1.6,Livro,Unitária,São Paulo (SP),1978,Impressão,Papel,Livro,,,1,1,,30p,Samuel Barnsley Pessoa,Autor,,,,,,,Publicação,Ensaios Médico-Sociais (2º edição),São Paulo (SP),1978,,,,,,,,,,,
JAP,11.1.1,Cartaz de divulgação,Unitária,s.l.,s.d.,Impressão,Madeira,Quadro,Colorido,Português,1,1,,,,,,,,,,,Lançamento de obra,Ensaios Médico-Sociais (2º edição),São Paulo (SP),3/30/1978,,,,,,,,,,,
JAP,12.1.1,Placa comemorativa,Unitária,São Paulo (SP),2/19/1979,Impressão,Metal,Placa,,Português,1,1,,,,,,,,,,,Homenagem,"Homenagem a Samuel Barnsley Pessoa, prestada pelos formandos da Faculdade de Medicina da USP",São Paulo (SP),12/19/1979,,,,,,,,,,"Oxidado, com prejuízo de leitura",
JAP,12.1.2,Placa comemorativa,Unitária,Campinas (SP),3/17/1983,Impressão,Metal,Placa,,Português,1,1,,,,,,,,,,,Homenagem,"Homenagem a Samuel Barnsley Pessoa, prestada pelos formandos de medicina da Pontifícia Univesidade Católica de Campinas",,,,,,,,,,,,Oxidado,
JAP,12.1.3,Medalha,Unitária,s.l.,s.d.,Cunhagem,Metal,Placa,,Português,1,1,,,,,,,,,,,Homenagem,"Prêmio Samuel Pessoa, concedido pela Universidade Estadual de Londrina",s.d.,s.l.,,,,,,,,,,,
